lat,lon,d
-43.797,172.448,0.0606
-41.768,-71.748,0.0606
-41.768,-69.231,0.0605
-41.768,169.93,0.0633
-41.768,172.448,0.065
-41.768,174.965,0.0646
-41.768,177.483,0.0622
-39.739,-76.783,0.0617
-39.739,-74.266,0.0669
-39.739,-71.748,0.0704
-39.739,-69.231,0.0721
-39.739,-66.713,0.0718
-39.739,-64.196,0.0695
-39.739,-61.678,0.0655
-39.739,-59.161,0.0602
-37.71,-79.301,0.0616
-37.71,-76.783,0.0704
-37.71,-74.266,0.0783
-37.71,-71.748,0.0848
-37.71,-69.231,0.0894
-37.71,-66.713,0.0919
-37.71,-64.196,0.0921
-37.71,-61.678,0.09
-37.71,-59.161,0.0857
-37.71,-56.643,0.0796
-37.71,-54.126,0.0721
-37.71,-51.608,0.0635
-35.681,-79.301,0.0694
-35.681,-76.783,0.0811
-35.681,-74.266,0.0925
-35.681,-71.748,0.1027
-35.681,-69.231,0.1112
-35.681,-66.713,0.1175
-35.681,-64.196,0.121
-35.681,-61.678,0.1215
-35.681,-59.161,0.1189
-35.681,-56.643,0.1133
-35.681,-54.126,0.1052
-35.681,-51.608,0.095
-35.681,-49.091,0.0835
-35.681,-46.573,0.0713
-33.652,-81.818,0.062
-33.652,-79.301,0.0756
-33.652,-76.783,0.09
-33.652,-74.266,0.1044
-33.652,-71.748,0.1181
-33.652,-69.231,0.1303
-33.652,-66.713,0.1402
-33.652,-64.196,0.1471
-33.652,-61.678,0.1504
-33.652,-59.161,0.1498
-33.652,-56.643,0.1453
-33.652,-54.126,0.1372
-33.652,-51.608,0.1259
-33.652,-49.091,0.1124
-33.652,-46.573,0.0975
-33.652,-44.056,0.0822
-33.652,-41.538,0.0673
-31.623,-81.818,0.0626
-31.623,-79.301,0.0773
-31.623,-76.783,0.0931
-31.623,-74.266,0.1093
-31.623,-71.748,0.1252
-31.623,-69.231,0.1399
-31.623,-66.713,0.1525
-31.623,-64.196,0.1621
-31.623,-61.678,0.1679
-31.623,-59.161,0.1695
-31.623,-56.643,0.1666
-31.623,-54.126,0.1595
-31.623,-51.608,0.1485
-31.623,-49.091,0.1345
-31.623,-46.573,0.1185
-31.623,-44.056,0.1014
-31.623,-41.538,0.0843
-31.623,-39.021,0.0681
-31.623,18.881,0.0601
-31.623,21.399,0.065
-31.623,23.916,0.0682
-31.623,26.434,0.0693
-31.623,28.951,0.0683
-31.623,31.469,0.0652
-31.623,33.986,0.0602
-29.594,-81.818,0.0602
-29.594,-79.301,0.075
-29.594,-76.783,0.091
-29.594,-74.266,0.1078
-29.594,-71.748,0.1247
-29.594,-69.231,0.1406
-29.594,-66.713,0.1549
-29.594,-64.196,0.1664
-29.594,-61.678,0.1745
-29.594,-59.161,0.1784
-29.594,-56.643,0.1778
-29.594,-54.126,0.1728
-29.594,-51.608,0.1635
-29.594,-49.091,0.1507
-29.594,-46.573,0.1352
-29.594,-44.056,0.118
-29.594,-41.538,0.1003
-29.594,-39.021,0.0828
-29.594,-36.503,0.0665
-29.594,18.881,0.0669
-29.594,21.399,0.0732
-29.594,23.916,0.0777
-29.594,26.434,0.0798
-29.594,28.951,0.0795
-29.594,31.469,0.0768
-29.594,33.986,0.0718
-29.594,36.503,0.0651
-29.594,147.273,0.0608
-29.594,149.79,0.0617
-29.594,152.308,0.0608
-27.565,-79.301,0.0727
-27.565,-76.783,0.0887
-27.565,-74.266,0.1056
-27.565,-71.748,0.1227
-27.565,-69.231,0.1394
-27.565,-66.713,0.1547
-27.565,-64.196,0.1677
-27.565,-61.678,0.1777
-27.565,-59.161,0.184
-27.565,-56.643,0.1861
-27.565,-54.126,0.1838
-27.565,-51.608,0.1771
-27.565,-49.091,0.1666
-27.565,-46.573,0.1527
-27.565,-44.056,0.1366
-27.565,-41.538,0.1189
-27.565,-39.021,0.1009
-27.565,-36.503,0.0833
-27.565,-33.986,0.067
-27.565,16.364,0.0623
-27.565,18.881,0.0708
-27.565,21.399,0.0782
-27.565,23.916,0.0837
-27.565,26.434,0.0869
-27.565,28.951,0.0875
-27.565,31.469,0.0855
-27.565,33.986,0.081
-27.565,36.503,0.0745
-27.565,39.021,0.0664
-27.565,149.79,0.0606
-25.536,-81.818,0.0606
-25.536,-79.301,0.0753
-25.536,-76.783,0.0914
-25.536,-74.266,0.1083
-25.536,-71.748,0.1255
-25.536,-69.231,0.1422
-25.536,-66.713,0.1578
-25.536,-64.196,0.1715
-25.536,-61.678,0.1825
-25.536,-59.161,0.1903
-25.536,-56.643,0.1943
-25.536,-54.126,0.1942
-25.536,-51.608,0.19
-25.536,-49.091,0.1817
-25.536,-46.573,0.1699
-25.536,-44.056,0.1551
-25.536,-41.538,0.1381
-25.536,-39.021,0.1199
-25.536,-36.503,0.1014
-25.536,-33.986,0.0836
-25.536,-31.469,0.067
-25.536,16.364,0.0672
-25.536,18.881,0.0769
-25.536,21.399,0.0855
-25.536,23.916,0.0924
-25.536,26.434,0.097
-25.536,28.951,0.0989
-25.536,31.469,0.098
-25.536,33.986,0.0944
-25.536,36.503,0.0884
-25.536,39.021,0.0805
-25.536,41.538,0.0714
-25.536,44.056,0.0618
-23.507,-81.818,0.0701
-23.507,-79.301,0.0856
-23.507,-76.783,0.102
-23.507,-74.266,0.1188
-23.507,-71.748,0.1354
-23.507,-69.231,0.1511
-23.507,-66.713,0.1654
-23.507,-64.196,0.1777
-23.507,-61.678,0.1874
-23.507,-59.161,0.1943
-23.507,-56.643,0.198
-23.507,-54.126,0.1981
-23.507,-51.608,0.1946
-23.507,-49.091,0.1876
-23.507,-46.573,0.1771
-23.507,-44.056,0.1636
-23.507,-41.538,0.1478
-23.507,-39.021,0.1303
-23.507,-36.503,0.112
-23.507,-33.986,0.0938
-23.507,-31.469,0.0764
-23.507,-28.951,0.0605
-23.507,13.846,0.0669
-23.507,16.364,0.079
-23.507,18.881,0.0908
-23.507,21.399,0.1017
-23.507,23.916,0.1108
-23.507,26.434,0.1175
-23.507,28.951,0.1213
-23.507,31.469,0.122
-23.507,33.986,0.1194
-23.507,36.503,0.114
-23.507,39.021,0.1061
-23.507,41.538,0.0963
-23.507,44.056,0.0855
-23.507,46.573,0.0741
-23.507,49.091,0.063
-23.507,149.79,0.0602
-21.478,-84.336,0.0709
-21.478,-81.818,0.0869
-21.478,-79.301,0.1038
-21.478,-76.783,0.1209
-21.478,-74.266,0.1374
-21.478,-71.748,0.1526
-21.478,-69.231,0.166
-21.478,-66.713,0.1771
-21.478,-64.196,0.1856
-21.478,-61.678,0.1913
-21.478,-59.161,0.1942
-21.478,-56.643,0.1942
-21.478,-54.126,0.1916
-21.478,-51.608,0.1862
-21.478,-49.091,0.1782
-21.478,-46.573,0.1677
-21.478,-44.056,0.155
-21.478,-41.538,0.1404
-21.478,-39.021,0.1245
-21.478,-36.503,0.1077
-21.478,-33.986,0.091
-21.478,-31.469,0.0748
-21.478,11.329,0.0688
-21.478,13.846,0.0833
-21.478,16.364,0.0984
-21.478,18.881,0.1133
-21.478,21.399,0.1272
-21.478,23.916,0.1393
-21.478,26.434,0.1488
-21.478,28.951,0.155
-21.478,31.469,0.1575
-21.478,33.986,0.1561
-21.478,36.503,0.151
-21.478,39.021,0.1426
-21.478,41.538,0.1316
-21.478,44.056,0.1187
-21.478,46.573,0.1048
-21.478,49.091,0.0907
-21.478,51.608,0.077
-21.478,54.126,0.0642
-21.478,144.755,0.0605
-21.478,147.273,0.0625
-21.478,149.79,0.0638
-21.478,152.308,0.0644
-21.478,154.825,0.0646
-21.478,157.343,0.0643
-21.478,159.86,0.0638
-21.478,162.378,0.063
-21.478,164.895,0.062
-21.478,167.413,0.0608
-19.449,-86.853,0.0732
-19.449,-84.336,0.0907
-19.449,-81.818,0.1091
-19.449,-79.301,0.1278
-19.449,-76.783,0.1456
-19.449,-74.266,0.1617
-19.449,-71.748,0.1752
-19.449,-69.231,0.1854
-19.449,-66.713,0.1922
-19.449,-64.196,0.1953
-19.449,-61.678,0.1951
-19.449,-59.161,0.1918
-19.449,-56.643,0.1861
-19.449,-54.126,0.1783
-19.449,-51.608,0.1688
-19.449,-49.091,0.1579
-19.449,-46.573,0.146
-19.449,-44.056,0.133
-19.449,-41.538,0.1193
-19.449,-39.021,0.105
-19.449,-36.503,0.0907
-19.449,-33.986,0.0765
-19.449,-31.469,0.063
-19.449,8.811,0.0687
-19.449,11.329,0.0847
-19.449,13.846,0.1019
-19.449,16.364,0.1199
-19.449,18.881,0.1378
-19.449,21.399,0.1546
-19.449,23.916,0.1694
-19.449,26.434,0.1814
-19.449,28.951,0.1896
-19.449,31.469,0.1935
-19.449,33.986,0.1929
-19.449,36.503,0.1879
-19.449,39.021,0.1788
-19.449,41.538,0.1664
-19.449,44.056,0.1514
-19.449,46.573,0.1348
-19.449,49.091,0.1177
-19.449,51.608,0.1007
-19.449,54.126,0.0847
-19.449,56.643,0.07
-19.449,144.755,0.0613
-19.449,147.273,0.064
-19.449,149.79,0.0665
-19.449,152.308,0.0689
-19.449,154.825,0.0713
-19.449,157.343,0.0737
-19.449,159.86,0.0761
-19.449,162.378,0.0784
-19.449,164.895,0.0802
-19.449,167.413,0.0814
-19.449,169.93,0.0815
-19.449,172.448,0.0804
-19.449,174.965,0.0779
-19.449,177.483,0.0738
-19.449,180.0,0.0683
-17.42,-89.371,0.0713
-17.42,-86.853,0.0898
-17.42,-84.336,0.1098
-17.42,-81.818,0.1303
-17.42,-79.301,0.1503
-17.42,-76.783,0.1686
-17.42,-74.266,0.1839
-17.42,-71.748,0.1954
-17.42,-69.231,0.2025
-17.42,-66.713,0.2049
-17.42,-64.196,0.2027
-17.42,-61.678,0.1966
-17.42,-59.161,0.1874
-17.42,-56.643,0.1758
-17.42,-54.126,0.1627
-17.42,-51.608,0.1488
-17.42,-49.091,0.1348
-17.42,-46.573,0.1209
-17.42,-44.056,0.1073
-17.42,-41.538,0.0941
-17.42,-39.021,0.0814
-17.42,-36.503,0.0694
-17.42,6.294,0.0643
-17.42,8.811,0.0802
-17.42,11.329,0.0978
-17.42,13.846,0.1167
-17.42,16.364,0.1362
-17.42,18.881,0.1555
-17.42,21.399,0.1736
-17.42,23.916,0.1896
-17.42,26.434,0.2026
-17.42,28.951,0.2116
-17.42,31.469,0.216
-17.42,33.986,0.2156
-17.42,36.503,0.2104
-17.42,39.021,0.2007
-17.42,41.538,0.1872
-17.42,44.056,0.1708
-17.42,46.573,0.1526
-17.42,49.091,0.1335
-17.42,51.608,0.1145
-17.42,54.126,0.0964
-17.42,56.643,0.0798
-17.42,59.161,0.0652
-17.42,144.755,0.0606
-17.42,147.273,0.0634
-17.42,149.79,0.0666
-17.42,152.308,0.0702
-17.42,154.825,0.0742
-17.42,157.343,0.0784
-17.42,159.86,0.0827
-17.42,162.378,0.0868
-17.42,164.895,0.0904
-17.42,167.413,0.093
-17.42,169.93,0.0941
-17.42,172.448,0.0936
-17.42,174.965,0.0911
-17.42,177.483,0.0866
-17.42,180.0,0.0803
-15.391,-91.888,0.0621
-15.391,-89.371,0.0798
-15.391,-86.853,0.0996
-15.391,-84.336,0.1206
-15.391,-81.818,0.1417
-15.391,-79.301,0.1616
-15.391,-76.783,0.1791
-15.391,-74.266,0.193
-15.391,-71.748,0.2022
-15.391,-69.231,0.2063
-15.391,-66.713,0.2051
-15.391,-64.196,0.1991
-15.391,-61.678,0.189
-15.391,-59.161,0.1757
-15.391,-56.643,0.1604
-15.391,-54.126,0.1442
-15.391,-51.608,0.1279
-15.391,-49.091,0.1123
-15.391,-46.573,0.0976
-15.391,-44.056,0.0842
-15.391,-41.538,0.072
-15.391,-39.021,0.061
-15.391,6.294,0.0729
-15.391,8.811,0.0894
-15.391,11.329,0.1073
-15.391,13.846,0.1262
-15.391,16.364,0.1455
-15.391,18.881,0.1642
-15.391,21.399,0.1817
-15.391,23.916,0.1969
-15.391,26.434,0.2091
-15.391,28.951,0.2173
-15.391,31.469,0.221
-15.391,33.986,0.22
-15.391,36.503,0.2141
-15.391,39.021,0.2038
-15.391,41.538,0.1898
-15.391,44.056,0.1728
-15.391,46.573,0.1539
-15.391,49.091,0.1343
-15.391,51.608,0.1148
-15.391,54.126,0.0963
-15.391,56.643,0.0794
-15.391,59.161,0.0646
-15.391,106.993,0.0607
-15.391,109.51,0.0653
-15.391,112.028,0.0688
-15.391,114.545,0.0711
-15.391,117.063,0.0721
-15.391,119.58,0.072
-15.391,122.098,0.0711
-15.391,124.615,0.0695
-15.391,127.133,0.0676
-15.391,129.65,0.0656
-15.391,132.168,0.0638
-15.391,134.685,0.0625
-15.391,137.203,0.0617
-15.391,139.72,0.0615
-15.391,142.238,0.0619
-15.391,144.755,0.0631
-15.391,147.273,0.0649
-15.391,149.79,0.0674
-15.391,152.308,0.0705
-15.391,154.825,0.074
-15.391,157.343,0.0779
-15.391,159.86,0.0819
-15.391,162.378,0.0855
-15.391,164.895,0.0885
-15.391,167.413,0.0904
-15.391,169.93,0.0909
-15.391,172.448,0.0897
-15.391,174.965,0.0867
-15.391,177.483,0.0819
-15.391,180.0,0.0755
-13.362,-91.888,0.0634
-13.362,-89.371,0.0808
-13.362,-86.853,0.0998
-13.362,-84.336,0.1197
-13.362,-81.818,0.1392
-13.362,-79.301,0.1572
-13.362,-76.783,0.1723
-13.362,-74.266,0.1836
-13.362,-71.748,0.1901
-13.362,-69.231,0.1916
-13.362,-66.713,0.188
-13.362,-64.196,0.1798
-13.362,-61.678,0.168
-13.362,-59.161,0.1536
-13.362,-56.643,0.1377
-13.362,-54.126,0.1214
-13.362,-51.608,0.1056
-13.362,-49.091,0.0908
-13.362,-46.573,0.0775
-13.362,-44.056,0.0658
-13.362,3.776,0.0666
-13.362,6.294,0.0819
-13.362,8.811,0.0987
-13.362,11.329,0.1165
-13.362,13.846,0.1349
-13.362,16.364,0.1531
-13.362,18.881,0.1705
-13.362,21.399,0.1863
-13.362,23.916,0.1998
-13.362,26.434,0.2101
-13.362,28.951,0.2165
-13.362,31.469,0.2186
-13.362,33.986,0.2161
-13.362,36.503,0.209
-13.362,39.021,0.1976
-13.362,41.538,0.1827
-13.362,44.056,0.1651
-13.362,46.573,0.1459
-13.362,49.091,0.1261
-13.362,51.608,0.1067
-13.362,54.126,0.0885
-13.362,56.643,0.0721
-13.362,94.406,0.0682
-13.362,96.923,0.0817
-13.362,99.441,0.0956
-13.362,101.958,0.1092
-13.362,104.476,0.1215
-13.362,106.993,0.1318
-13.362,109.51,0.1394
-13.362,112.028,0.1439
-13.362,114.545,0.1452
-13.362,117.063,0.1432
-13.362,119.58,0.1386
-13.362,122.098,0.1319
-13.362,124.615,0.1238
-13.362,127.133,0.1151
-13.362,129.65,0.1065
-13.362,132.168,0.0986
-13.362,134.685,0.0917
-13.362,137.203,0.086
-13.362,139.72,0.0817
-13.362,142.238,0.0787
-13.362,144.755,0.0769
-13.362,147.273,0.076
-13.362,149.79,0.076
-13.362,152.308,0.0766
-13.362,154.825,0.0776
-13.362,157.343,0.0787
-13.362,159.86,0.0797
-13.362,162.378,0.0803
-13.362,164.895,0.0803
-13.362,167.413,0.0795
-13.362,169.93,0.0776
-13.362,172.448,0.0745
-13.362,174.965,0.0703
-13.362,177.483,0.0649
-11.333,-91.888,0.0626
-11.333,-89.371,0.0786
-11.333,-86.853,0.0957
-11.333,-84.336,0.1132
-11.333,-81.818,0.1298
-11.333,-79.301,0.1444
-11.333,-76.783,0.1561
-11.333,-74.266,0.164
-11.333,-71.748,0.1674
-11.333,-69.231,0.1662
-11.333,-66.713,0.1608
-11.333,-64.196,0.1517
-11.333,-61.678,0.1398
-11.333,-59.161,0.1261
-11.333,-56.643,0.1117
-11.333,-54.126,0.0975
-11.333,-51.608,0.0842
-11.333,-49.091,0.0721
-11.333,-46.573,0.0616
-11.333,1.259,0.061
-11.333,3.776,0.0759
-11.333,6.294,0.0925
-11.333,8.811,0.1102
-11.333,11.329,0.1287
-11.333,13.846,0.1473
-11.333,16.364,0.1655
-11.333,18.881,0.1826
-11.333,21.399,0.1978
-11.333,23.916,0.2103
-11.333,26.434,0.2194
-11.333,28.951,0.2245
-11.333,31.469,0.225
-11.333,33.986,0.2207
-11.333,36.503,0.2117
-11.333,39.021,0.1984
-11.333,41.538,0.1816
-11.333,44.056,0.1622
-11.333,46.573,0.1415
-11.333,49.091,0.1205
-11.333,51.608,0.1002
-11.333,54.126,0.0815
-11.333,56.643,0.065
-11.333,86.853,0.0626
-11.333,89.371,0.0809
-11.333,91.888,0.1024
-11.333,94.406,0.1265
-11.333,96.923,0.1521
-11.333,99.441,0.1781
-11.333,101.958,0.203
-11.333,104.476,0.225
-11.333,106.993,0.2429
-11.333,109.51,0.2553
-11.333,112.028,0.2617
-11.333,114.545,0.2617
-11.333,117.063,0.2558
-11.333,119.58,0.2448
-11.333,122.098,0.23
-11.333,124.615,0.2127
-11.333,127.133,0.1945
-11.333,129.65,0.1766
-11.333,132.168,0.16
-11.333,134.685,0.1453
-11.333,137.203,0.1328
-11.333,139.72,0.1226
-11.333,142.238,0.1144
-11.333,144.755,0.1079
-11.333,147.273,0.1027
-11.333,149.79,0.0983
-11.333,152.308,0.0944
-11.333,154.825,0.0907
-11.333,157.343,0.087
-11.333,159.86,0.0832
-11.333,162.378,0.079
-11.333,164.895,0.0745
-11.333,167.413,0.0695
-11.333,169.93,0.0642
-9.304,-91.888,0.067
-9.304,-89.371,0.0825
-9.304,-86.853,0.0984
-9.304,-84.336,0.1138
-9.304,-81.818,0.1277
-9.304,-79.301,0.1391
-9.304,-76.783,0.1471
-9.304,-74.266,0.1511
-9.304,-71.748,0.151
-9.304,-69.231,0.1468
-9.304,-66.713,0.1391
-9.304,-64.196,0.1287
-9.304,-61.678,0.1166
-9.304,-59.161,0.1036
-9.304,-56.643,0.0908
-9.304,-54.126,0.0788
-9.304,-51.608,0.0681
-9.304,1.259,0.0676
-9.304,3.776,0.0843
-9.304,6.294,0.1028
-9.304,8.811,0.1227
-9.304,11.329,0.1436
-9.304,13.846,0.1648
-9.304,16.364,0.1856
-9.304,18.881,0.2052
-9.304,21.399,0.2226
-9.304,23.916,0.237
-9.304,26.434,0.2474
-9.304,28.951,0.2529
-9.304,31.469,0.253
-9.304,33.986,0.2474
-9.304,36.503,0.2362
-9.304,39.021,0.22
-9.304,41.538,0.1998
-9.304,44.056,0.1767
-9.304,46.573,0.1523
-9.304,49.091,0.1277
-9.304,51.608,0.1044
-9.304,54.126,0.0832
-9.304,56.643,0.0648
-9.304,84.336,0.0705
-9.304,86.853,0.094
-9.304,89.371,0.1224
-9.304,91.888,0.1552
-9.304,94.406,0.1916
-9.304,96.923,0.23
-9.304,99.441,0.2686
-9.304,101.958,0.3051
-9.304,104.476,0.3374
-9.304,106.993,0.3631
-9.304,109.51,0.3809
-9.304,112.028,0.3895
-9.304,114.545,0.389
-9.304,117.063,0.3798
-9.304,119.58,0.3634
-9.304,122.098,0.3414
-9.304,124.615,0.3161
-9.304,127.133,0.2893
-9.304,129.65,0.2628
-9.304,132.168,0.238
-9.304,134.685,0.2158
-9.304,137.203,0.1964
-9.304,139.72,0.1798
-9.304,142.238,0.1655
-9.304,144.755,0.1531
-9.304,147.273,0.142
-9.304,149.79,0.1316
-9.304,152.308,0.1217
-9.304,154.825,0.1118
-9.304,157.343,0.102
-9.304,159.86,0.0923
-9.304,162.378,0.0826
-9.304,164.895,0.0732
-9.304,167.413,0.0641
-7.275,-94.406,0.0658
-7.275,-91.888,0.0819
-7.275,-89.371,0.0988
-7.275,-86.853,0.1155
-7.275,-84.336,0.1307
-7.275,-81.818,0.1434
-7.275,-79.301,0.1525
-7.275,-76.783,0.1574
-7.275,-74.266,0.1577
-7.275,-71.748,0.1536
-7.275,-69.231,0.1455
-7.275,-66.713,0.1343
-7.275,-64.196,0.1211
-7.275,-61.678,0.1071
-7.275,-59.161,0.0932
-7.275,-56.643,0.0802
-7.275,-54.126,0.0689
-7.275,1.259,0.0707
-7.275,3.776,0.0893
-7.275,6.294,0.1105
-7.275,8.811,0.1339
-7.275,11.329,0.1591
-7.275,13.846,0.1854
-7.275,16.364,0.2119
-7.275,18.881,0.2375
-7.275,21.399,0.261
-7.275,23.916,0.281
-7.275,26.434,0.296
-7.275,28.951,0.3049
-7.275,31.469,0.3067
-7.275,33.986,0.301
-7.275,36.503,0.288
-7.275,39.021,0.2683
-7.275,41.538,0.2432
-7.275,44.056,0.2144
-7.275,46.573,0.1838
-7.275,49.091,0.1531
-7.275,51.608,0.1239
-7.275,54.126,0.0976
-7.275,56.643,0.0749
-7.275,81.818,0.0669
-7.275,84.336,0.0907
-7.275,86.853,0.1203
-7.275,89.371,0.1556
-7.275,91.888,0.1959
-7.275,94.406,0.2401
-7.275,96.923,0.2863
-7.275,99.441,0.3324
-7.275,101.958,0.3758
-7.275,104.476,0.414
-7.275,106.993,0.4446
-7.275,109.51,0.4659
-7.275,112.028,0.4768
-7.275,114.545,0.4772
-7.275,117.063,0.4679
-7.275,119.58,0.4502
-7.275,122.098,0.4263
-7.275,124.615,0.3982
-7.275,127.133,0.3682
-7.275,129.65,0.3381
-7.275,132.168,0.3094
-7.275,134.685,0.2828
-7.275,137.203,0.2586
-7.275,139.72,0.2369
-7.275,142.238,0.2171
-7.275,144.755,0.1987
-7.275,147.273,0.1812
-7.275,149.79,0.1643
-7.275,152.308,0.1478
-7.275,154.825,0.1315
-7.275,157.343,0.1156
-7.275,159.86,0.1002
-7.275,162.378,0.0857
-7.275,164.895,0.0723
-7.275,167.413,0.06
-5.246,-96.923,0.0671
-5.246,-94.406,0.0855
-5.246,-91.888,0.1054
-5.246,-89.371,0.1256
-5.246,-86.853,0.1449
-5.246,-84.336,0.1619
-5.246,-81.818,0.1751
-5.246,-79.301,0.1834
-5.246,-76.783,0.1861
-5.246,-74.266,0.1832
-5.246,-71.748,0.1749
-5.246,-69.231,0.1623
-5.246,-66.713,0.1466
-5.246,-64.196,0.1293
-5.246,-61.678,0.1116
-5.246,-59.161,0.0948
-5.246,-56.643,0.0798
-5.246,-54.126,0.067
-5.246,1.259,0.0702
-5.246,3.776,0.0903
-5.246,6.294,0.1139
-5.246,8.811,0.141
-5.246,11.329,0.1712
-5.246,13.846,0.2038
-5.246,16.364,0.2377
-5.246,18.881,0.2716
-5.246,21.399,0.3037
-5.246,23.916,0.3321
-5.246,26.434,0.3546
-5.246,28.951,0.3695
-5.246,31.469,0.3753
-5.246,33.986,0.3713
-5.246,36.503,0.3575
-5.246,39.021,0.3348
-5.246,41.538,0.3048
-5.246,44.056,0.2695
-5.246,46.573,0.2315
-5.246,49.091,0.1931
-5.246,51.608,0.1564
-5.246,54.126,0.1231
-5.246,56.643,0.0944
-5.246,59.161,0.0708
-5.246,81.818,0.0806
-5.246,84.336,0.1069
-5.246,86.853,0.1388
-5.246,89.371,0.176
-5.246,91.888,0.2177
-5.246,94.406,0.2625
-5.246,96.923,0.3087
-5.246,99.441,0.3543
-5.246,101.958,0.3968
-5.246,104.476,0.4341
-5.246,106.993,0.4643
-5.246,109.51,0.4858
-5.246,112.028,0.498
-5.246,114.545,0.5006
-5.246,117.063,0.4943
-5.246,119.58,0.4803
-5.246,122.098,0.4602
-5.246,124.615,0.4358
-5.246,127.133,0.4088
-5.246,129.65,0.3806
-5.246,132.168,0.3525
-5.246,134.685,0.3252
-5.246,137.203,0.299
-5.246,139.72,0.274
-5.246,142.238,0.2499
-5.246,144.755,0.2266
-5.246,147.273,0.2037
-5.246,149.79,0.1814
-5.246,152.308,0.1595
-5.246,154.825,0.1384
-5.246,157.343,0.1182
-5.246,159.86,0.0994
-5.246,162.378,0.0821
-5.246,164.895,0.0667
-3.217,-99.441,0.0632
-3.217,-96.923,0.083
-3.217,-94.406,0.1054
-3.217,-91.888,0.1294
-3.217,-89.371,0.1537
-3.217,-86.853,0.1766
-3.217,-84.336,0.1964
-3.217,-81.818,0.2113
-3.217,-79.301,0.2201
-3.217,-76.783,0.222
-3.217,-74.266,0.2169
-3.217,-71.748,0.2055
-3.217,-69.231,0.1891
-3.217,-66.713,0.1691
-3.217,-64.196,0.1473
-3.217,-61.678,0.1255
-3.217,-59.161,0.1049
-3.217,-56.643,0.0866
-3.217,-54.126,0.071
-3.217,1.259,0.0679
-3.217,3.776,0.088
-3.217,6.294,0.1124
-3.217,8.811,0.1413
-3.217,11.329,0.1744
-3.217,13.846,0.2113
-3.217,16.364,0.251
-3.217,18.881,0.2918
-3.217,21.399,0.3317
-3.217,23.916,0.3681
-3.217,26.434,0.3985
-3.217,28.951,0.4204
-3.217,31.469,0.4319
-3.217,33.986,0.4316
-3.217,36.503,0.4194
-3.217,39.021,0.3961
-3.217,41.538,0.3634
-3.217,44.056,0.3238
-3.217,46.573,0.2802
-3.217,49.091,0.2355
-3.217,51.608,0.1922
-3.217,54.126,0.1527
-3.217,56.643,0.1183
-3.217,59.161,0.0899
-3.217,61.678,0.068
-3.217,79.301,0.0775
-3.217,81.818,0.1002
-3.217,84.336,0.1281
-3.217,86.853,0.1605
-3.217,89.371,0.1968
-3.217,91.888,0.2359
-3.217,94.406,0.2765
-3.217,96.923,0.317
-3.217,99.441,0.3557
-3.217,101.958,0.391
-3.217,104.476,0.4215
-3.217,106.993,0.446
-3.217,109.51,0.4638
-3.217,112.028,0.4745
-3.217,114.545,0.4781
-3.217,117.063,0.475
-3.217,119.58,0.4659
-3.217,122.098,0.4515
-3.217,124.615,0.4328
-3.217,127.133,0.4108
-3.217,129.65,0.3865
-3.217,132.168,0.3606
-3.217,134.685,0.3338
-3.217,137.203,0.3066
-3.217,139.72,0.2793
-3.217,142.238,0.2522
-3.217,144.755,0.2254
-3.217,147.273,0.1993
-3.217,149.79,0.1739
-3.217,152.308,0.1497
-3.217,154.825,0.1269
-3.217,157.343,0.1057
-3.217,159.86,0.0866
-3.217,162.378,0.0697
-1.188,-99.441,0.0711
-1.188,-96.923,0.0934
-1.188,-94.406,0.1188
-1.188,-91.888,0.1461
-1.188,-89.371,0.1738
-1.188,-86.853,0.2
-1.188,-84.336,0.2228
-1.188,-81.818,0.2401
-1.188,-79.301,0.2506
-1.188,-76.783,0.2532
-1.188,-74.266,0.248
-1.188,-71.748,0.2355
-1.188,-69.231,0.2171
-1.188,-66.713,0.1945
-1.188,-64.196,0.1697
-1.188,-61.678,0.1446
-1.188,-59.161,0.1206
-1.188,-56.643,0.0989
-1.188,-54.126,0.0802
-1.188,-51.608,0.0647
-1.188,1.259,0.0682
-1.188,3.776,0.0862
-1.188,6.294,0.1084
-1.188,8.811,0.1352
-1.188,11.329,0.1668
-1.188,13.846,0.203
-1.188,16.364,0.2429
-1.188,18.881,0.2852
-1.188,21.399,0.3277
-1.188,23.916,0.368
-1.188,26.434,0.403
-1.188,28.951,0.4302
-1.188,31.469,0.447
-1.188,33.986,0.4517
-1.188,36.503,0.4439
-1.188,39.021,0.4238
-1.188,41.538,0.3932
-1.188,44.056,0.3543
-1.188,46.573,0.3102
-1.188,49.091,0.2639
-1.188,51.608,0.2185
-1.188,54.126,0.1764
-1.188,56.643,0.1395
-1.188,59.161,0.1089
-1.188,61.678,0.0855
-1.188,64.196,0.0692
-1.188,66.713,0.06
-1.188,71.748,0.0618
-1.188,74.266,0.072
-1.188,76.783,0.0881
-1.188,79.301,0.1098
-1.188,81.818,0.1364
-1.188,84.336,0.1673
-1.188,86.853,0.2015
-1.188,89.371,0.2377
-1.188,91.888,0.2745
-1.188,94.406,0.3103
-1.188,96.923,0.3436
-1.188,99.441,0.3734
-1.188,101.958,0.3986
-1.188,104.476,0.4188
-1.188,106.993,0.4338
-1.188,109.51,0.4437
-1.188,112.028,0.4488
-1.188,114.545,0.4492
-1.188,117.063,0.4454
-1.188,119.58,0.4374
-1.188,122.098,0.4253
-1.188,124.615,0.4094
-1.188,127.133,0.3898
-1.188,129.65,0.3671
-1.188,132.168,0.3417
-1.188,134.685,0.3142
-1.188,137.203,0.2855
-1.188,139.72,0.2561
-1.188,142.238,0.2269
-1.188,144.755,0.1985
-1.188,147.273,0.1713
-1.188,149.79,0.1458
-1.188,152.308,0.1223
-1.188,154.825,0.101
-1.188,157.343,0.0821
-1.188,159.86,0.0657
0.841,-99.441,0.0746
0.841,-96.923,0.0981
0.841,-94.406,0.1249
0.841,-91.888,0.1539
0.841,-89.371,0.1837
0.841,-86.853,0.2123
0.841,-84.336,0.2375
0.841,-81.818,0.2574
0.841,-79.301,0.2703
0.841,-76.783,0.2751
0.841,-74.266,0.2716
0.841,-71.748,0.2602
0.841,-69.231,0.2422
0.841,-66.713,0.2193
0.841,-64.196,0.1934
0.841,-61.678,0.1665
0.841,-59.161,0.1402
0.841,-56.643,0.1159
0.841,-54.126,0.0943
0.841,-51.608,0.0757
0.841,-49.091,0.0603
0.841,-1.259,0.0658
0.841,1.259,0.0775
0.841,3.776,0.0917
0.841,6.294,0.109
0.841,8.811,0.13
0.841,11.329,0.1552
0.841,13.846,0.1848
0.841,16.364,0.2183
0.841,18.881,0.2548
0.841,21.399,0.2928
0.841,23.916,0.33
0.841,26.434,0.3639
0.841,28.951,0.3919
0.841,31.469,0.4113
0.841,33.986,0.4204
0.841,36.503,0.4181
0.841,39.021,0.4043
0.841,41.538,0.3801
0.841,44.056,0.3474
0.841,46.573,0.3089
0.841,49.091,0.2673
0.841,51.608,0.2257
0.841,54.126,0.1867
0.841,56.643,0.1524
0.841,59.161,0.1242
0.841,61.678,0.1032
0.841,64.196,0.0897
0.841,66.713,0.0839
0.841,69.231,0.0855
0.841,71.748,0.0944
0.841,74.266,0.11
0.841,76.783,0.1319
0.841,79.301,0.1593
0.841,81.818,0.1915
0.841,84.336,0.2271
0.841,86.853,0.2646
0.841,89.371,0.3023
0.841,91.888,0.3383
0.841,94.406,0.3708
0.841,96.923,0.3984
0.841,99.441,0.4202
0.841,101.958,0.4357
0.841,104.476,0.4453
0.841,106.993,0.4496
0.841,109.51,0.4495
0.841,112.028,0.446
0.841,114.545,0.4396
0.841,117.063,0.4306
0.841,119.58,0.419
0.841,122.098,0.4046
0.841,124.615,0.3869
0.841,127.133,0.3658
0.841,129.65,0.3413
0.841,132.168,0.3138
0.841,134.685,0.284
0.841,137.203,0.2529
0.841,139.72,0.2215
0.841,142.238,0.1908
0.841,144.755,0.1618
0.841,147.273,0.1351
0.841,149.79,0.1111
0.841,152.308,0.0901
0.841,154.825,0.0721
2.87,-99.441,0.0793
2.87,-96.923,0.1034
2.87,-94.406,0.1309
2.87,-91.888,0.1607
2.87,-89.371,0.1913
2.87,-86.853,0.221
2.87,-84.336,0.2476
2.87,-81.818,0.2692
2.87,-79.301,0.2841
2.87,-76.783,0.291
2.87,-74.266,0.2896
2.87,-71.748,0.2801
2.87,-69.231,0.2636
2.87,-66.713,0.2416
2.87,-64.196,0.216
2.87,-61.678,0.1885
2.87,-59.161,0.1609
2.87,-56.643,0.1346
2.87,-54.126,0.1105
2.87,-51.608,0.0893
2.87,-49.091,0.0712
2.87,-8.811,0.0636
2.87,-6.294,0.0725
2.87,-3.776,0.0815
2.87,-1.259,0.0906
2.87,1.259,0.1001
2.87,3.776,0.1104
2.87,6.294,0.1221
2.87,8.811,0.1357
2.87,11.329,0.1521
2.87,13.846,0.1715
2.87,16.364,0.1942
2.87,18.881,0.2199
2.87,21.399,0.2476
2.87,23.916,0.2759
2.87,26.434,0.3029
2.87,28.951,0.3264
2.87,31.469,0.3442
2.87,33.986,0.3545
2.87,36.503,0.3561
2.87,39.021,0.3485
2.87,41.538,0.3322
2.87,44.056,0.3084
2.87,46.573,0.2791
2.87,49.091,0.2467
2.87,51.608,0.2137
2.87,54.126,0.1827
2.87,56.643,0.1557
2.87,59.161,0.1344
2.87,61.678,0.1199
2.87,64.196,0.1127
2.87,66.713,0.1132
2.87,69.231,0.1212
2.87,71.748,0.1362
2.87,74.266,0.1578
2.87,76.783,0.1852
2.87,79.301,0.2175
2.87,81.818,0.2536
2.87,84.336,0.2921
2.87,86.853,0.3312
2.87,89.371,0.369
2.87,91.888,0.4036
2.87,94.406,0.4332
2.87,96.923,0.4563
2.87,99.441,0.4723
2.87,101.958,0.4811
2.87,104.476,0.4833
2.87,106.993,0.4801
2.87,109.51,0.4728
2.87,112.028,0.4627
2.87,114.545,0.4506
2.87,117.063,0.4368
2.87,119.58,0.4211
2.87,122.098,0.403
2.87,124.615,0.3819
2.87,127.133,0.3574
2.87,129.65,0.3293
2.87,132.168,0.2982
2.87,134.685,0.2648
2.87,137.203,0.2304
2.87,139.72,0.1963
2.87,142.238,0.1638
2.87,144.755,0.134
2.87,147.273,0.1075
2.87,149.79,0.0849
2.87,152.308,0.066
4.899,-101.958,0.0725
4.899,-99.441,0.0947
4.899,-96.923,0.1204
4.899,-94.406,0.149
4.899,-91.888,0.1794
4.899,-89.371,0.2102
4.899,-86.853,0.2396
4.899,-84.336,0.2658
4.899,-81.818,0.2869
4.899,-79.301,0.3014
4.899,-76.783,0.3082
4.899,-74.266,0.3069
4.899,-71.748,0.2978
4.899,-69.231,0.2817
4.899,-66.713,0.26
4.899,-64.196,0.2343
4.899,-61.678,0.2063
4.899,-59.161,0.1778
4.899,-56.643,0.1501
4.899,-54.126,0.1242
4.899,-51.608,0.101
4.899,-49.091,0.0807
4.899,-46.573,0.0636
4.899,-13.846,0.0685
4.899,-11.329,0.0803
4.899,-8.811,0.0922
4.899,-6.294,0.1038
4.899,-3.776,0.1146
4.899,-1.259,0.1245
4.899,1.259,0.1333
4.899,3.776,0.1412
4.899,6.294,0.1487
4.899,8.811,0.1564
4.899,11.329,0.1648
4.899,13.846,0.1748
4.899,16.364,0.1867
4.899,18.881,0.2007
4.899,21.399,0.2167
4.899,23.916,0.2338
4.899,26.434,0.2509
4.899,28.951,0.2666
4.899,31.469,0.2792
4.899,33.986,0.2872
4.899,36.503,0.2893
4.899,39.021,0.2851
4.899,41.538,0.2745
4.899,44.056,0.2583
4.899,46.573,0.2378
4.899,49.091,0.2149
4.899,51.608,0.1917
4.899,54.126,0.1703
4.899,56.643,0.1527
4.899,59.161,0.1404
4.899,61.678,0.1344
4.899,64.196,0.1353
4.899,66.713,0.1433
4.899,69.231,0.1578
4.899,71.748,0.1785
4.899,74.266,0.2043
4.899,76.783,0.2344
4.899,79.301,0.2677
4.899,81.818,0.303
4.899,84.336,0.3392
4.899,86.853,0.3747
4.899,89.371,0.4082
4.899,91.888,0.438
4.899,94.406,0.4629
4.899,96.923,0.4818
4.899,99.441,0.4943
4.899,101.958,0.5005
4.899,104.476,0.5011
4.899,106.993,0.4971
4.899,109.51,0.4898
4.899,112.028,0.4801
4.899,114.545,0.4686
4.899,117.063,0.4553
4.899,119.58,0.4397
4.899,122.098,0.421
4.899,124.615,0.3984
4.899,127.133,0.3715
4.899,129.65,0.3402
4.899,132.168,0.3052
4.899,134.685,0.2676
4.899,137.203,0.229
4.899,139.72,0.1911
4.899,142.238,0.1555
4.899,144.755,0.1235
4.899,147.273,0.0959
4.899,149.79,0.0729
6.928,-106.993,0.0604
6.928,-104.476,0.0799
6.928,-101.958,0.1031
6.928,-99.441,0.1296
6.928,-96.923,0.1588
6.928,-94.406,0.1898
6.928,-91.888,0.2212
6.928,-89.371,0.2515
6.928,-86.853,0.279
6.928,-84.336,0.3021
6.928,-81.818,0.3193
6.928,-79.301,0.3296
6.928,-76.783,0.3323
6.928,-74.266,0.3274
6.928,-71.748,0.3153
6.928,-69.231,0.2968
6.928,-66.713,0.2734
6.928,-64.196,0.2464
6.928,-61.678,0.2175
6.928,-59.161,0.1879
6.928,-56.643,0.1592
6.928,-54.126,0.1321
6.928,-51.608,0.1076
6.928,-49.091,0.0861
6.928,-46.573,0.0678
6.928,-18.881,0.0611
6.928,-16.364,0.0743
6.928,-13.846,0.0886
6.928,-11.329,0.1036
6.928,-8.811,0.1186
6.928,-6.294,0.1331
6.928,-3.776,0.1463
6.928,-1.259,0.1578
6.928,1.259,0.1674
6.928,3.776,0.175
6.928,6.294,0.1809
6.928,8.811,0.1854
6.928,11.329,0.1892
6.928,13.846,0.193
6.928,16.364,0.1974
6.928,18.881,0.2029
6.928,21.399,0.2097
6.928,23.916,0.2175
6.928,26.434,0.2258
6.928,28.951,0.2337
6.928,31.469,0.24
6.928,33.986,0.2438
6.928,36.503,0.2439
6.928,39.021,0.2399
6.928,41.538,0.2317
6.928,44.056,0.2196
6.928,46.573,0.2047
6.928,49.091,0.1884
6.928,51.608,0.1725
6.928,54.126,0.1586
6.928,56.643,0.1486
6.928,59.161,0.1437
6.928,61.678,0.1449
6.928,64.196,0.1523
6.928,66.713,0.1659
6.928,69.231,0.185
6.928,71.748,0.2085
6.928,74.266,0.2354
6.928,76.783,0.2644
6.928,79.301,0.2945
6.928,81.818,0.3246
6.928,84.336,0.3539
6.928,86.853,0.3817
6.928,89.371,0.4072
6.928,91.888,0.4298
6.928,94.406,0.4488
6.928,96.923,0.464
6.928,99.441,0.4752
6.928,101.958,0.4825
6.928,104.476,0.4865
6.928,106.993,0.4876
6.928,109.51,0.4866
6.928,112.028,0.4836
6.928,114.545,0.4786
6.928,117.063,0.471
6.928,119.58,0.4598
6.928,122.098,0.444
6.928,124.615,0.4226
6.928,127.133,0.3952
6.928,129.65,0.362
6.928,132.168,0.324
6.928,134.685,0.2828
6.928,137.203,0.2403
6.928,139.72,0.1986
6.928,142.238,0.1596
6.928,144.755,0.1248
6.928,147.273,0.0951
6.928,149.79,0.0709
8.957,-109.51,0.0729
8.957,-106.993,0.0959
8.957,-104.476,0.1228
8.957,-101.958,0.1532
8.957,-99.441,0.1861
8.957,-96.923,0.2205
8.957,-94.406,0.2548
8.957,-91.888,0.2872
8.957,-89.371,0.3161
8.957,-86.853,0.3399
8.957,-84.336,0.3573
8.957,-81.818,0.3674
8.957,-79.301,0.3699
8.957,-76.783,0.3649
8.957,-74.266,0.3528
8.957,-71.748,0.3346
8.957,-69.231,0.3113
8.957,-66.713,0.2843
8.957,-64.196,0.2548
8.957,-61.678,0.2242
8.957,-59.161,0.1935
8.957,-56.643,0.1639
8.957,-54.126,0.1362
8.957,-51.608,0.1111
8.957,-49.091,0.089
8.957,-46.573,0.0702
8.957,-18.881,0.0733
8.957,-16.364,0.0883
8.957,-13.846,0.1046
8.957,-11.329,0.1215
8.957,-8.811,0.1383
8.957,-6.294,0.1544
8.957,-3.776,0.1692
8.957,-1.259,0.182
8.957,1.259,0.1925
8.957,3.776,0.2005
8.957,6.294,0.2061
8.957,8.811,0.2095
8.957,11.329,0.2115
8.957,13.846,0.2125
8.957,16.364,0.2133
8.957,18.881,0.2144
8.957,21.399,0.2162
8.957,23.916,0.2187
8.957,26.434,0.2217
8.957,28.951,0.2246
8.957,31.469,0.2266
8.957,33.986,0.227
8.957,36.503,0.225
8.957,39.021,0.2201
8.957,41.538,0.2122
8.957,44.056,0.2015
8.957,46.573,0.189
8.957,49.091,0.1757
8.957,51.608,0.1632
8.957,54.126,0.1531
8.957,56.643,0.1467
8.957,59.161,0.1454
8.957,61.678,0.1496
8.957,64.196,0.1597
8.957,66.713,0.1751
8.957,69.231,0.1949
8.957,71.748,0.2181
8.957,74.266,0.2431
8.957,76.783,0.2687
8.957,79.301,0.2938
8.957,81.818,0.3178
8.957,84.336,0.3401
8.957,86.853,0.3607
8.957,89.371,0.3794
8.957,91.888,0.3964
8.957,94.406,0.4118
8.957,96.923,0.4255
8.957,99.441,0.4377
8.957,101.958,0.4483
8.957,104.476,0.4575
8.957,106.993,0.4653
8.957,109.51,0.4715
8.957,112.028,0.4758
8.957,114.545,0.4773
8.957,117.063,0.4751
8.957,119.58,0.468
8.957,122.098,0.4547
8.957,124.615,0.4344
8.957,127.133,0.4069
8.957,129.65,0.3727
8.957,132.168,0.3331
8.957,134.685,0.29
8.957,137.203,0.2455
8.957,139.72,0.202
8.957,142.238,0.1614
8.957,144.755,0.1253
8.957,147.273,0.0947
8.957,149.79,0.0698
10.986,-114.545,0.0625
10.986,-112.028,0.0844
10.986,-109.51,0.1111
10.986,-106.993,0.1424
10.986,-104.476,0.1778
10.986,-101.958,0.2162
10.986,-99.441,0.2561
10.986,-96.923,0.2958
10.986,-94.406,0.333
10.986,-91.888,0.3659
10.986,-89.371,0.3926
10.986,-86.853,0.4116
10.986,-84.336,0.4223
10.986,-81.818,0.4243
10.986,-79.301,0.418
10.986,-76.783,0.4043
10.986,-74.266,0.3844
10.986,-71.748,0.3594
10.986,-69.231,0.3307
10.986,-66.713,0.2996
10.986,-64.196,0.2671
10.986,-61.678,0.2344
10.986,-59.161,0.2022
10.986,-56.643,0.1715
10.986,-54.126,0.1428
10.986,-51.608,0.1168
10.986,-49.091,0.0939
10.986,-46.573,0.0745
10.986,-21.399,0.0707
10.986,-18.881,0.085
10.986,-16.364,0.1006
10.986,-13.846,0.1172
10.986,-11.329,0.1341
10.986,-8.811,0.1507
10.986,-6.294,0.1664
10.986,-3.776,0.1805
10.986,-1.259,0.1926
10.986,1.259,0.2023
10.986,3.776,0.2094
10.986,6.294,0.2141
10.986,8.811,0.2166
10.986,11.329,0.2175
10.986,13.846,0.2173
10.986,16.364,0.2167
10.986,18.881,0.2163
10.986,21.399,0.2164
10.986,23.916,0.2172
10.986,26.434,0.2186
10.986,28.951,0.22
10.986,31.469,0.221
10.986,33.986,0.2207
10.986,36.503,0.2185
10.986,39.021,0.2138
10.986,41.538,0.2066
10.986,44.056,0.1969
10.986,46.573,0.1856
10.986,49.091,0.1736
10.986,51.608,0.1622
10.986,54.126,0.1529
10.986,56.643,0.1471
10.986,59.161,0.1457
10.986,61.678,0.1495
10.986,64.196,0.1586
10.986,66.713,0.1726
10.986,69.231,0.1905
10.986,71.748,0.2112
10.986,74.266,0.2333
10.986,76.783,0.2558
10.986,79.301,0.2777
10.986,81.818,0.2983
10.986,84.336,0.3176
10.986,86.853,0.3356
10.986,89.371,0.3527
10.986,91.888,0.3691
10.986,94.406,0.3851
10.986,96.923,0.4007
10.986,99.441,0.4157
10.986,101.958,0.4301
10.986,104.476,0.4433
10.986,106.993,0.455
10.986,109.51,0.4646
10.986,112.028,0.4712
10.986,114.545,0.4739
10.986,117.063,0.4718
10.986,119.58,0.4637
10.986,122.098,0.4488
10.986,124.615,0.4266
10.986,127.133,0.3974
10.986,129.65,0.3618
10.986,132.168,0.3214
10.986,134.685,0.2781
10.986,137.203,0.2341
10.986,139.72,0.1915
10.986,142.238,0.1523
10.986,144.755,0.1177
10.986,147.273,0.0884
10.986,149.79,0.0648
13.014,-117.063,0.0657
13.014,-114.545,0.089
13.014,-112.028,0.1174
13.014,-109.51,0.1511
13.014,-106.993,0.1894
13.014,-104.476,0.2315
13.014,-101.958,0.2758
13.014,-99.441,0.3205
13.014,-96.923,0.3633
13.014,-94.406,0.402
13.014,-91.888,0.4344
13.014,-89.371,0.4589
13.014,-86.853,0.4743
13.014,-84.336,0.4803
13.014,-81.818,0.4771
13.014,-79.301,0.4654
13.014,-76.783,0.4465
13.014,-74.266,0.4218
13.014,-71.748,0.3926
13.014,-69.231,0.3603
13.014,-66.713,0.326
13.014,-64.196,0.2907
13.014,-61.678,0.2554
13.014,-59.161,0.2207
13.014,-56.643,0.1876
13.014,-54.126,0.1565
13.014,-51.608,0.1283
13.014,-49.091,0.1035
13.014,-46.573,0.0824
13.014,-44.056,0.0654
13.014,-23.916,0.0674
13.014,-21.399,0.0802
13.014,-18.881,0.0943
13.014,-16.364,0.1093
13.014,-13.846,0.1246
13.014,-11.329,0.1396
13.014,-8.811,0.1538
13.014,-6.294,0.1667
13.014,-3.776,0.1778
13.014,-1.259,0.1868
13.014,1.259,0.1935
13.014,3.776,0.1979
13.014,6.294,0.2001
13.014,8.811,0.2007
13.014,11.329,0.1999
13.014,13.846,0.1986
13.014,16.364,0.1973
13.014,18.881,0.1966
13.014,21.399,0.1967
13.014,23.916,0.1979
13.014,26.434,0.2
13.014,28.951,0.2025
13.014,31.469,0.2049
13.014,33.986,0.2063
13.014,36.503,0.2062
13.014,39.021,0.2038
13.014,41.538,0.199
13.014,44.056,0.1917
13.014,46.573,0.1826
13.014,49.091,0.1724
13.014,51.608,0.1624
13.014,54.126,0.1538
13.014,56.643,0.148
13.014,59.161,0.1461
13.014,61.678,0.1487
13.014,64.196,0.1561
13.014,66.713,0.1682
13.014,69.231,0.1841
13.014,71.748,0.2031
13.014,74.266,0.224
13.014,76.783,0.2459
13.014,79.301,0.2679
13.014,81.818,0.2897
13.014,84.336,0.311
13.014,86.853,0.3318
13.014,89.371,0.3524
13.014,91.888,0.3726
13.014,94.406,0.3926
13.014,96.923,0.4119
13.014,99.441,0.4301
13.014,101.958,0.4465
13.014,104.476,0.4606
13.014,106.993,0.4715
13.014,109.51,0.4785
13.014,112.028,0.4811
13.014,114.545,0.4785
13.014,117.063,0.4701
13.014,119.58,0.4554
13.014,122.098,0.4342
13.014,124.615,0.4067
13.014,127.133,0.3734
13.014,129.65,0.3354
13.014,132.168,0.2943
13.014,134.685,0.2518
13.014,137.203,0.2099
13.014,139.72,0.1704
13.014,142.238,0.1345
13.014,144.755,0.1034
13.014,147.273,0.0774
15.043,-119.58,0.062
15.043,-117.063,0.0841
15.043,-114.545,0.1113
15.043,-112.028,0.1437
15.043,-109.51,0.1809
15.043,-106.993,0.2222
15.043,-104.476,0.2664
15.043,-101.958,0.3119
15.043,-99.441,0.3567
15.043,-96.923,0.3988
15.043,-94.406,0.4362
15.043,-91.888,0.4672
15.043,-89.371,0.4904
15.043,-86.853,0.5051
15.043,-84.336,0.5109
15.043,-81.818,0.5082
15.043,-79.301,0.4975
15.043,-76.783,0.4798
15.043,-74.266,0.4561
15.043,-71.748,0.4275
15.043,-69.231,0.3949
15.043,-66.713,0.3594
15.043,-64.196,0.3221
15.043,-61.678,0.2838
15.043,-59.161,0.2456
15.043,-56.643,0.2086
15.043,-54.126,0.1738
15.043,-51.608,0.142
15.043,-49.091,0.114
15.043,-46.573,0.0904
15.043,-44.056,0.0715
15.043,-23.916,0.0699
15.043,-21.399,0.0818
15.043,-18.881,0.0945
15.043,-16.364,0.1073
15.043,-13.846,0.1198
15.043,-11.329,0.1315
15.043,-8.811,0.1418
15.043,-6.294,0.1506
15.043,-3.776,0.1574
15.043,-1.259,0.1623
15.043,1.259,0.1651
15.043,3.776,0.1661
15.043,6.294,0.1656
15.043,8.811,0.164
15.043,11.329,0.1619
15.043,13.846,0.1597
15.043,16.364,0.1582
15.043,18.881,0.1577
15.043,21.399,0.1585
15.043,23.916,0.1608
15.043,26.434,0.1644
15.043,28.951,0.1688
15.043,31.469,0.1735
15.043,33.986,0.1777
15.043,36.503,0.1806
15.043,39.021,0.1818
15.043,41.538,0.1807
15.043,44.056,0.1773
15.043,46.573,0.172
15.043,49.091,0.1655
15.043,51.608,0.1586
15.043,54.126,0.1528
15.043,56.643,0.149
15.043,59.161,0.1485
15.043,61.678,0.1521
15.043,64.196,0.1601
15.043,66.713,0.1726
15.043,69.231,0.1893
15.043,71.748,0.2095
15.043,74.266,0.2325
15.043,76.783,0.2574
15.043,79.301,0.2836
15.043,81.818,0.3104
15.043,84.336,0.3376
15.043,86.853,0.3647
15.043,89.371,0.3914
15.043,91.888,0.4172
15.043,94.406,0.4417
15.043,96.923,0.4639
15.043,99.441,0.4831
15.043,101.958,0.4983
15.043,104.476,0.5089
15.043,106.993,0.5141
15.043,109.51,0.5135
15.043,112.028,0.5069
15.043,114.545,0.494
15.043,117.063,0.4751
15.043,119.58,0.4504
15.043,122.098,0.4202
15.043,124.615,0.3852
15.043,127.133,0.3466
15.043,129.65,0.3055
15.043,132.168,0.2635
15.043,134.685,0.222
15.043,137.203,0.1827
15.043,139.72,0.1466
15.043,142.238,0.1148
15.043,144.755,0.0878
15.043,147.273,0.0655
17.072,-119.58,0.0714
17.072,-117.063,0.0947
17.072,-114.545,0.1226
17.072,-112.028,0.1549
17.072,-109.51,0.1909
17.072,-106.993,0.2297
17.072,-104.476,0.2703
17.072,-101.958,0.3112
17.072,-99.441,0.3508
17.072,-96.923,0.3878
17.072,-94.406,0.4208
17.072,-91.888,0.4487
17.072,-89.371,0.4707
17.072,-86.853,0.4864
17.072,-84.336,0.4955
17.072,-81.818,0.4977
17.072,-79.301,0.4933
17.072,-76.783,0.4821
17.072,-74.266,0.4646
17.072,-71.748,0.4409
17.072,-69.231,0.4118
17.072,-66.713,0.3779
17.072,-64.196,0.3404
17.072,-61.678,0.3005
17.072,-59.161,0.2599
17.072,-56.643,0.2199
17.072,-54.126,0.182
17.072,-51.608,0.1474
17.072,-49.091,0.1171
17.072,-46.573,0.0917
17.072,-44.056,0.0714
17.072,-23.916,0.061
17.072,-21.399,0.0705
17.072,-18.881,0.0804
17.072,-16.364,0.09
17.072,-13.846,0.0989
17.072,-11.329,0.1067
17.072,-8.811,0.113
17.072,-6.294,0.1178
17.072,-3.776,0.121
17.072,-1.259,0.1225
17.072,1.259,0.1226
17.072,3.776,0.1215
17.072,6.294,0.1196
17.072,8.811,0.1173
17.072,11.329,0.1149
17.072,13.846,0.1131
17.072,16.364,0.1122
17.072,18.881,0.1126
17.072,21.399,0.1146
17.072,23.916,0.1181
17.072,26.434,0.123
17.072,28.951,0.129
17.072,31.469,0.1356
17.072,33.986,0.1421
17.072,36.503,0.148
17.072,39.021,0.1525
17.072,41.538,0.1553
17.072,44.056,0.1564
17.072,46.573,0.1559
17.072,49.091,0.1543
17.072,51.608,0.1525
17.072,54.126,0.1514
17.072,56.643,0.1522
17.072,59.161,0.1559
17.072,61.678,0.1633
17.072,64.196,0.1751
17.072,66.713,0.1915
17.072,69.231,0.2123
17.072,71.748,0.2373
17.072,74.266,0.2658
17.072,76.783,0.2973
17.072,79.301,0.3309
17.072,81.818,0.3658
17.072,84.336,0.4012
17.072,86.853,0.4363
17.072,89.371,0.4701
17.072,91.888,0.5015
17.072,94.406,0.5293
17.072,96.923,0.5524
17.072,99.441,0.5697
17.072,101.958,0.5803
17.072,104.476,0.5836
17.072,106.993,0.5793
17.072,109.51,0.5675
17.072,112.028,0.5484
17.072,114.545,0.5228
17.072,117.063,0.4913
17.072,119.58,0.4549
17.072,122.098,0.4145
17.072,124.615,0.3714
17.072,127.133,0.3267
17.072,129.65,0.282
17.072,132.168,0.2384
17.072,134.685,0.1974
17.072,137.203,0.1598
17.072,139.72,0.1266
17.072,142.238,0.0981
17.072,144.755,0.0745
19.101,-119.58,0.073
19.101,-117.063,0.0949
19.101,-114.545,0.1202
19.101,-112.028,0.1486
19.101,-109.51,0.1793
19.101,-106.993,0.2114
19.101,-104.476,0.244
19.101,-101.958,0.276
19.101,-99.441,0.3064
19.101,-96.923,0.3346
19.101,-94.406,0.3601
19.101,-91.888,0.3824
19.101,-89.371,0.4013
19.101,-86.853,0.4166
19.101,-84.336,0.4279
19.101,-81.818,0.4347
19.101,-79.301,0.4366
19.101,-76.783,0.4327
19.101,-74.266,0.4225
19.101,-71.748,0.4058
19.101,-69.231,0.3827
19.101,-66.713,0.3536
19.101,-64.196,0.3197
19.101,-61.678,0.2825
19.101,-59.161,0.2437
19.101,-56.643,0.2052
19.101,-54.126,0.1685
19.101,-51.608,0.135
19.101,-49.091,0.1058
19.101,-46.573,0.0815
19.101,-44.056,0.0621
19.101,-16.364,0.0628
19.101,-13.846,0.0683
19.101,-11.329,0.0729
19.101,-8.811,0.0764
19.101,-6.294,0.0787
19.101,-3.776,0.0798
19.101,-1.259,0.08
19.101,1.259,0.0793
19.101,3.776,0.0781
19.101,6.294,0.0766
19.101,8.811,0.075
19.101,11.329,0.0739
19.101,13.846,0.0734
19.101,16.364,0.0739
19.101,18.881,0.0756
19.101,21.399,0.0787
19.101,23.916,0.0832
19.101,26.434,0.0891
19.101,28.951,0.0961
19.101,31.469,0.1039
19.101,33.986,0.112
19.101,36.503,0.1198
19.101,39.021,0.1271
19.101,41.538,0.1335
19.101,44.056,0.1387
19.101,46.573,0.1431
19.101,49.091,0.147
19.101,51.608,0.151
19.101,54.126,0.1559
19.101,56.643,0.1627
19.101,59.161,0.1722
19.101,61.678,0.1855
19.101,64.196,0.203
19.101,66.713,0.2252
19.101,69.231,0.2524
19.101,71.748,0.2844
19.101,74.266,0.3208
19.101,76.783,0.361
19.101,79.301,0.4042
19.101,81.818,0.4492
19.101,84.336,0.4947
19.101,86.853,0.539
19.101,89.371,0.5807
19.101,91.888,0.6177
19.101,94.406,0.6486
19.101,96.923,0.6717
19.101,99.441,0.6858
19.101,101.958,0.6902
19.101,104.476,0.6846
19.101,106.993,0.6691
19.101,109.51,0.6446
19.101,112.028,0.612
19.101,114.545,0.5725
19.101,117.063,0.5275
19.101,119.58,0.4786
19.101,122.098,0.4273
19.101,124.615,0.375
19.101,127.133,0.3232
19.101,129.65,0.2733
19.101,132.168,0.2266
19.101,134.685,0.184
19.101,137.203,0.1464
19.101,139.72,0.1141
19.101,142.238,0.0871
19.101,144.755,0.0653
21.13,-119.58,0.0684
21.13,-117.063,0.087
21.13,-114.545,0.1079
21.13,-112.028,0.1305
21.13,-109.51,0.154
21.13,-106.993,0.1777
21.13,-104.476,0.2007
21.13,-101.958,0.2225
21.13,-99.441,0.2424
21.13,-96.923,0.2605
21.13,-94.406,0.2765
21.13,-91.888,0.2909
21.13,-89.371,0.3036
21.13,-86.853,0.3147
21.13,-84.336,0.324
21.13,-81.818,0.3309
21.13,-79.301,0.3347
21.13,-76.783,0.3344
21.13,-74.266,0.3292
21.13,-71.748,0.3185
21.13,-69.231,0.302
21.13,-66.713,0.2802
21.13,-64.196,0.2538
21.13,-61.678,0.2242
21.13,-59.161,0.1929
21.13,-56.643,0.1617
21.13,-54.126,0.1319
21.13,-51.608,0.1047
21.13,-49.091,0.0812
21.13,-46.573,0.0616
21.13,23.916,0.0633
21.13,26.434,0.0697
21.13,28.951,0.0773
21.13,31.469,0.0859
21.13,33.986,0.0952
21.13,36.503,0.105
21.13,39.021,0.1148
21.13,41.538,0.1246
21.13,44.056,0.1341
21.13,46.573,0.1435
21.13,49.091,0.153
21.13,51.608,0.163
21.13,54.126,0.1742
21.13,56.643,0.1871
21.13,59.161,0.2028
21.13,61.678,0.2219
21.13,64.196,0.2452
21.13,66.713,0.2734
21.13,69.231,0.3069
21.13,71.748,0.3459
21.13,74.266,0.3903
21.13,76.783,0.4394
21.13,79.301,0.4923
21.13,81.818,0.5476
21.13,84.336,0.6034
21.13,86.853,0.6575
21.13,89.371,0.7074
21.13,91.888,0.7508
21.13,94.406,0.7853
21.13,96.923,0.809
21.13,99.441,0.8207
21.13,101.958,0.8196
21.13,104.476,0.8057
21.13,106.993,0.7799
21.13,109.51,0.7434
21.13,112.028,0.6977
21.13,114.545,0.6447
21.13,117.063,0.5865
21.13,119.58,0.5249
21.13,122.098,0.462
21.13,124.615,0.3995
21.13,127.133,0.3392
21.13,129.65,0.2824
21.13,132.168,0.2304
21.13,134.685,0.1841
21.13,137.203,0.144
21.13,139.72,0.1102
21.13,142.238,0.0827
21.13,144.755,0.0608
23.159,-119.58,0.0615
23.159,-117.063,0.0767
23.159,-114.545,0.0931
23.159,-112.028,0.1103
23.159,-109.51,0.1274
23.159,-106.993,0.1437
23.159,-104.476,0.1586
23.159,-101.958,0.1717
23.159,-99.441,0.1827
23.159,-96.923,0.1918
23.159,-94.406,0.199
23.159,-91.888,0.205
23.159,-89.371,0.21
23.159,-86.853,0.2143
23.159,-84.336,0.2179
23.159,-81.818,0.2205
23.159,-79.301,0.2217
23.159,-76.783,0.2207
23.159,-74.266,0.2167
23.159,-71.748,0.2094
23.159,-69.231,0.1984
23.159,-66.713,0.1839
23.159,-64.196,0.1664
23.159,-61.678,0.1468
23.159,-59.161,0.126
23.159,-56.643,0.1052
23.159,-54.126,0.0855
23.159,-51.608,0.0675
23.159,26.434,0.0655
23.159,28.951,0.0738
23.159,31.469,0.0836
23.159,33.986,0.0947
23.159,36.503,0.1069
23.159,39.021,0.1201
23.159,41.538,0.1341
23.159,44.056,0.1486
23.159,46.573,0.1637
23.159,49.091,0.1793
23.159,51.608,0.1955
23.159,54.126,0.2127
23.159,56.643,0.2315
23.159,59.161,0.2524
23.159,61.678,0.2762
23.159,64.196,0.3039
23.159,66.713,0.3362
23.159,69.231,0.3738
23.159,71.748,0.4173
23.159,74.266,0.4667
23.159,76.783,0.5216
23.159,79.301,0.5809
23.159,81.818,0.6432
23.159,84.336,0.7061
23.159,86.853,0.7669
23.159,89.371,0.8228
23.159,91.888,0.8707
23.159,94.406,0.9079
23.159,96.923,0.9321
23.159,99.441,0.942
23.159,101.958,0.9368
23.159,104.476,0.9167
23.159,106.993,0.8828
23.159,109.51,0.8367
23.159,112.028,0.7805
23.159,114.545,0.7165
23.159,117.063,0.6472
23.159,119.58,0.575
23.159,122.098,0.5022
23.159,124.615,0.4308
23.159,127.133,0.3627
23.159,129.65,0.2994
23.159,132.168,0.2421
23.159,134.685,0.1916
23.159,137.203,0.1484
23.159,139.72,0.1124
23.159,142.238,0.0832
23.159,144.755,0.0603
25.188,-117.063,0.0693
25.188,-114.545,0.0828
25.188,-112.028,0.0964
25.188,-109.51,0.1095
25.188,-106.993,0.1214
25.188,-104.476,0.1315
25.188,-101.958,0.1393
25.188,-99.441,0.1449
25.188,-96.923,0.1481
25.188,-94.406,0.1493
25.188,-91.888,0.1488
25.188,-89.371,0.1473
25.188,-86.853,0.1451
25.188,-84.336,0.1424
25.188,-81.818,0.1393
25.188,-79.301,0.1358
25.188,-76.783,0.1317
25.188,-74.266,0.1265
25.188,-71.748,0.12
25.188,-69.231,0.1121
25.188,-66.713,0.1028
25.188,-64.196,0.0923
25.188,-61.678,0.0809
25.188,-59.161,0.0692
25.188,21.399,0.0602
25.188,23.916,0.0663
25.188,26.434,0.0742
25.188,28.951,0.084
25.188,31.469,0.0959
25.188,33.986,0.1099
25.188,36.503,0.1259
25.188,39.021,0.1438
25.188,41.538,0.1632
25.188,44.056,0.1839
25.188,46.573,0.2055
25.188,49.091,0.2277
25.188,51.608,0.2504
25.188,54.126,0.2737
25.188,56.643,0.2976
25.188,59.161,0.3227
25.188,61.678,0.3496
25.188,64.196,0.3791
25.188,66.713,0.4123
25.188,69.231,0.4499
25.188,71.748,0.4927
25.188,74.266,0.5409
25.188,76.783,0.5944
25.188,79.301,0.6523
25.188,81.818,0.713
25.188,84.336,0.7745
25.188,86.853,0.834
25.188,89.371,0.8885
25.188,91.888,0.9349
25.188,94.406,0.9705
25.188,96.923,0.9927
25.188,99.441,1.0
25.188,101.958,0.9916
25.188,104.476,0.9678
25.188,106.993,0.9295
25.188,109.51,0.8785
25.188,112.028,0.817
25.188,114.545,0.7478
25.188,117.063,0.6735
25.188,119.58,0.5967
25.188,122.098,0.5198
25.188,124.615,0.445
25.188,127.133,0.3742
25.188,129.65,0.3089
25.188,132.168,0.25
25.188,134.685,0.1984
25.188,137.203,0.1542
25.188,139.72,0.1173
25.188,142.238,0.0873
25.188,144.755,0.0637
27.217,-117.063,0.0676
27.217,-114.545,0.08
27.217,-112.028,0.0925
27.217,-109.51,0.1043
27.217,-106.993,0.1149
27.217,-104.476,0.1236
27.217,-101.958,0.1299
27.217,-99.441,0.1336
27.217,-96.923,0.1347
27.217,-94.406,0.1332
27.217,-91.888,0.1295
27.217,-89.371,0.1241
27.217,-86.853,0.1174
27.217,-84.336,0.11
27.217,-81.818,0.1022
27.217,-79.301,0.0943
27.217,-76.783,0.0864
27.217,-74.266,0.0788
27.217,-71.748,0.0713
27.217,-69.231,0.0639
27.217,-3.776,0.0602
27.217,-1.259,0.0622
27.217,1.259,0.0633
27.217,3.776,0.0637
27.217,6.294,0.0637
27.217,8.811,0.0637
27.217,11.329,0.064
27.217,13.846,0.065
27.217,16.364,0.0671
27.217,18.881,0.0706
27.217,21.399,0.076
27.217,23.916,0.0835
27.217,26.434,0.0934
27.217,28.951,0.106
27.217,31.469,0.1215
27.217,33.986,0.1398
27.217,36.503,0.161
27.217,39.021,0.1848
27.217,41.538,0.2107
27.217,44.056,0.2384
27.217,46.573,0.2673
27.217,49.091,0.2969
27.217,51.608,0.3265
27.217,54.126,0.3558
27.217,56.643,0.3847
27.217,59.161,0.4133
27.217,61.678,0.4417
27.217,64.196,0.4707
27.217,66.713,0.5009
27.217,69.231,0.5332
27.217,71.748,0.5681
27.217,74.266,0.6063
27.217,76.783,0.6479
27.217,79.301,0.6925
27.217,81.818,0.7393
27.217,84.336,0.7868
27.217,86.853,0.833
27.217,89.371,0.8755
27.217,91.888,0.9117
27.217,94.406,0.9391
27.217,96.923,0.9554
27.217,99.441,0.959
27.217,101.958,0.9489
27.217,104.476,0.9249
27.217,106.993,0.8878
27.217,109.51,0.8392
27.217,112.028,0.7811
27.217,114.545,0.7159
27.217,117.063,0.6462
27.217,119.58,0.5746
27.217,122.098,0.5033
27.217,124.615,0.4342
27.217,127.133,0.3691
27.217,129.65,0.3089
27.217,132.168,0.2546
27.217,134.685,0.2064
27.217,137.203,0.1647
27.217,139.72,0.1291
27.217,142.238,0.0995
27.217,144.755,0.0753
29.246,-117.063,0.0717
29.246,-114.545,0.0844
29.246,-112.028,0.0972
29.246,-109.51,0.1096
29.246,-106.993,0.1209
29.246,-104.476,0.1305
29.246,-101.958,0.1378
29.246,-99.441,0.1424
29.246,-96.923,0.144
29.246,-94.406,0.1425
29.246,-91.888,0.1381
29.246,-89.371,0.1313
29.246,-86.853,0.1224
29.246,-84.336,0.1121
29.246,-81.818,0.1009
29.246,-79.301,0.0895
29.246,-76.783,0.0784
29.246,-74.266,0.0678
29.246,-13.846,0.0614
29.246,-11.329,0.0692
29.246,-8.811,0.0761
29.246,-6.294,0.0818
29.246,-3.776,0.086
29.246,-1.259,0.0887
29.246,1.259,0.0899
29.246,3.776,0.0901
29.246,6.294,0.0896
29.246,8.811,0.0889
29.246,11.329,0.0886
29.246,13.846,0.0892
29.246,16.364,0.0915
29.246,18.881,0.0958
29.246,21.399,0.1026
29.246,23.916,0.1124
29.246,26.434,0.1254
29.246,28.951,0.142
29.246,31.469,0.1622
29.246,33.986,0.186
29.246,36.503,0.2132
29.246,39.021,0.2437
29.246,41.538,0.2769
29.246,44.056,0.3122
29.246,46.573,0.3488
29.246,49.091,0.3862
29.246,51.608,0.4233
29.246,54.126,0.4595
29.246,56.643,0.494
29.246,59.161,0.5263
29.246,61.678,0.556
29.246,64.196,0.583
29.246,66.713,0.6073
29.246,69.231,0.6294
29.246,71.748,0.6497
29.246,74.266,0.6691
29.246,76.783,0.6882
29.246,79.301,0.7078
29.246,81.818,0.7282
29.246,84.336,0.7493
29.246,86.853,0.7706
29.246,89.371,0.791
29.246,91.888,0.809
29.246,94.406,0.8226
29.246,96.923,0.83
29.246,99.441,0.8294
29.246,101.958,0.8196
29.246,104.476,0.8
29.246,106.993,0.7706
29.246,109.51,0.7324
29.246,112.028,0.6868
29.246,114.545,0.6357
29.246,117.063,0.5811
29.246,119.58,0.525
29.246,122.098,0.4692
29.246,124.615,0.4151
29.246,127.133,0.3636
29.246,129.65,0.3154
29.246,132.168,0.2708
29.246,134.685,0.2299
29.246,137.203,0.1928
29.246,139.72,0.1595
29.246,142.238,0.13
29.246,144.755,0.1041
29.246,147.273,0.0818
29.246,149.79,0.0629
31.275,-119.58,0.0674
31.275,-117.063,0.0797
31.275,-114.545,0.0928
31.275,-112.028,0.1062
31.275,-109.51,0.1195
31.275,-106.993,0.132
31.275,-104.476,0.1432
31.275,-101.958,0.1524
31.275,-99.441,0.1589
31.275,-96.923,0.1624
31.275,-94.406,0.1624
31.275,-91.888,0.1591
31.275,-89.371,0.1525
31.275,-86.853,0.1432
31.275,-84.336,0.1316
31.275,-81.818,0.1184
31.275,-79.301,0.1045
31.275,-76.783,0.0905
31.275,-74.266,0.0771
31.275,-71.748,0.0646
31.275,-16.364,0.0689
31.275,-13.846,0.0805
31.275,-11.329,0.0917
31.275,-8.811,0.102
31.275,-6.294,0.1109
31.275,-3.776,0.1181
31.275,-1.259,0.1234
31.275,1.259,0.1268
31.275,3.776,0.1287
31.275,6.294,0.1295
31.275,8.811,0.1299
31.275,11.329,0.1306
31.275,13.846,0.1324
31.275,16.364,0.136
31.275,18.881,0.1421
31.275,21.399,0.1513
31.275,23.916,0.1641
31.275,26.434,0.1807
31.275,28.951,0.2015
31.275,31.469,0.2264
31.275,33.986,0.2554
31.275,36.503,0.2883
31.275,39.021,0.3247
31.275,41.538,0.3641
31.275,44.056,0.406
31.275,46.573,0.4495
31.275,49.091,0.494
31.275,51.608,0.5383
31.275,54.126,0.5815
31.275,56.643,0.6222
31.275,59.161,0.6591
31.275,61.678,0.6908
31.275,64.196,0.7161
31.275,66.713,0.734
31.275,69.231,0.7442
31.275,71.748,0.7469
31.275,74.266,0.7431
31.275,76.783,0.7342
31.275,79.301,0.7223
31.275,81.818,0.7094
31.275,84.336,0.6972
31.275,86.853,0.6871
31.275,89.371,0.6798
31.275,91.888,0.6749
31.275,94.406,0.6715
31.275,96.923,0.6681
31.275,99.441,0.6631
31.275,101.958,0.6547
31.275,104.476,0.6419
31.275,106.993,0.6239
31.275,109.51,0.6008
31.275,112.028,0.5734
31.275,114.545,0.5426
31.275,117.063,0.5096
31.275,119.58,0.4756
31.275,122.098,0.4415
31.275,124.615,0.4078
31.275,127.133,0.3747
31.275,129.65,0.3422
31.275,132.168,0.31
31.275,134.685,0.278
31.275,137.203,0.2461
31.275,139.72,0.2145
31.275,142.238,0.1836
31.275,144.755,0.154
31.275,147.273,0.1263
31.275,149.79,0.1012
31.275,152.308,0.079
31.275,154.825,0.06
33.304,-122.098,0.0655
33.304,-119.58,0.0765
33.304,-117.063,0.0884
33.304,-114.545,0.101
33.304,-112.028,0.1141
33.304,-109.51,0.1274
33.304,-106.993,0.1404
33.304,-104.476,0.1525
33.304,-101.958,0.1631
33.304,-99.441,0.1715
33.304,-96.923,0.1771
33.304,-94.406,0.1794
33.304,-91.888,0.178
33.304,-89.371,0.173
33.304,-86.853,0.1646
33.304,-84.336,0.1532
33.304,-81.818,0.1396
33.304,-79.301,0.1245
33.304,-76.783,0.1087
33.304,-74.266,0.093
33.304,-71.748,0.078
33.304,-69.231,0.0643
33.304,-18.881,0.0678
33.304,-16.364,0.0826
33.304,-13.846,0.0982
33.304,-11.329,0.1141
33.304,-8.811,0.1295
33.304,-6.294,0.144
33.304,-3.776,0.1569
33.304,-1.259,0.1679
33.304,1.259,0.1771
33.304,3.776,0.1845
33.304,6.294,0.1906
33.304,8.811,0.1959
33.304,11.329,0.2012
33.304,13.846,0.2072
33.304,16.364,0.2148
33.304,18.881,0.2246
33.304,21.399,0.2372
33.304,23.916,0.2532
33.304,26.434,0.2728
33.304,28.951,0.2963
33.304,31.469,0.3237
33.304,33.986,0.355
33.304,36.503,0.3898
33.304,39.021,0.4279
33.304,41.538,0.469
33.304,44.056,0.5125
33.304,46.573,0.558
33.304,49.091,0.6049
33.304,51.608,0.6524
33.304,54.126,0.6992
33.304,56.643,0.7437
33.304,59.161,0.7838
33.304,61.678,0.8172
33.304,64.196,0.8416
33.304,66.713,0.8548
33.304,69.231,0.8556
33.304,71.748,0.8436
33.304,74.266,0.8198
33.304,76.783,0.7862
33.304,79.301,0.746
33.304,81.818,0.7025
33.304,84.336,0.6595
33.304,86.853,0.6199
33.304,89.371,0.586
33.304,91.888,0.5589
33.304,94.406,0.5384
33.304,96.923,0.5237
33.304,99.441,0.5131
33.304,101.958,0.505
33.304,104.476,0.4977
33.304,106.993,0.49
33.304,109.51,0.4813
33.304,112.028,0.4714
33.304,114.545,0.4606
33.304,117.063,0.4492
33.304,119.58,0.4374
33.304,122.098,0.4252
33.304,124.615,0.4121
33.304,127.133,0.3976
33.304,129.65,0.3809
33.304,132.168,0.3612
33.304,134.685,0.3379
33.304,137.203,0.3111
33.304,139.72,0.281
33.304,142.238,0.2484
33.304,144.755,0.2146
33.304,147.273,0.1808
33.304,149.79,0.1484
33.304,152.308,0.1185
33.304,154.825,0.092
33.304,157.343,0.0694
35.333,-124.615,0.0643
35.333,-122.098,0.0738
35.333,-119.58,0.0837
35.333,-117.063,0.0941
35.333,-114.545,0.105
35.333,-112.028,0.1163
35.333,-109.51,0.128
35.333,-106.993,0.1399
35.333,-104.476,0.1515
35.333,-101.958,0.1624
35.333,-99.441,0.1717
35.333,-96.923,0.1789
35.333,-94.406,0.1833
35.333,-91.888,0.1843
35.333,-89.371,0.1818
35.333,-86.853,0.1756
35.333,-84.336,0.1662
35.333,-81.818,0.1538
35.333,-79.301,0.1394
35.333,-76.783,0.1236
35.333,-74.266,0.1072
35.333,-71.748,0.091
35.333,-69.231,0.0757
35.333,-66.713,0.0617
35.333,-18.881,0.0752
35.333,-16.364,0.0935
35.333,-13.846,0.1136
35.333,-11.329,0.1349
35.333,-8.811,0.1568
35.333,-6.294,0.1787
35.333,-3.776,0.2
35.333,-1.259,0.2202
35.333,1.259,0.2391
35.333,3.776,0.2565
35.333,6.294,0.2726
35.333,8.811,0.2877
35.333,11.329,0.3021
35.333,13.846,0.3164
35.333,16.364,0.331
35.333,18.881,0.3464
35.333,21.399,0.3631
35.333,23.916,0.3815
35.333,26.434,0.4018
35.333,28.951,0.4244
35.333,31.469,0.4493
35.333,33.986,0.4766
35.333,36.503,0.5061
35.333,39.021,0.5377
35.333,41.538,0.5714
35.333,44.056,0.6072
35.333,46.573,0.645
35.333,49.091,0.6847
35.333,51.608,0.7259
35.333,54.126,0.7678
35.333,56.643,0.8087
35.333,59.161,0.8465
35.333,61.678,0.8783
35.333,64.196,0.9009
35.333,66.713,0.9115
35.333,69.231,0.9078
35.333,71.748,0.8888
35.333,74.266,0.8549
35.333,76.783,0.8082
35.333,79.301,0.7521
35.333,81.818,0.6908
35.333,84.336,0.6288
35.333,86.853,0.5703
35.333,89.371,0.5184
35.333,91.888,0.4753
35.333,94.406,0.4417
35.333,96.923,0.4173
35.333,99.441,0.4009
35.333,101.958,0.3909
35.333,104.476,0.3858
35.333,106.993,0.3841
35.333,109.51,0.3848
35.333,112.028,0.3872
35.333,114.545,0.3909
35.333,117.063,0.3954
35.333,119.58,0.4003
35.333,122.098,0.4047
35.333,124.615,0.4075
35.333,127.133,0.4076
35.333,129.65,0.4035
35.333,132.168,0.3941
35.333,134.685,0.3787
35.333,137.203,0.357
35.333,139.72,0.3295
35.333,142.238,0.2971
35.333,144.755,0.2614
35.333,147.273,0.224
35.333,149.79,0.1869
35.333,152.308,0.1516
35.333,154.825,0.1195
35.333,157.343,0.0915
35.333,159.86,0.068
37.362,-127.133,0.0608
37.362,-124.615,0.0691
37.362,-122.098,0.0773
37.362,-119.58,0.0853
37.362,-117.063,0.0932
37.362,-114.545,0.1013
37.362,-112.028,0.1096
37.362,-109.51,0.1184
37.362,-106.993,0.1277
37.362,-104.476,0.1372
37.362,-101.958,0.1467
37.362,-99.441,0.1556
37.362,-96.923,0.1632
37.362,-94.406,0.169
37.362,-91.888,0.1723
37.362,-89.371,0.1726
37.362,-86.853,0.1696
37.362,-84.336,0.1635
37.362,-81.818,0.1543
37.362,-79.301,0.1426
37.362,-76.783,0.129
37.362,-74.266,0.1142
37.362,-71.748,0.0989
37.362,-69.231,0.0837
37.362,-66.713,0.0694
37.362,-21.399,0.0617
37.362,-18.881,0.0799
37.362,-16.364,0.1012
37.362,-13.846,0.1253
37.362,-11.329,0.1519
37.362,-8.811,0.1805
37.362,-6.294,0.2105
37.362,-3.776,0.2413
37.362,-1.259,0.2724
37.362,1.259,0.3033
37.362,3.776,0.3336
37.362,6.294,0.363
37.362,8.811,0.3911
37.362,11.329,0.4177
37.362,13.846,0.4427
37.362,16.364,0.4659
37.362,18.881,0.4872
37.362,21.399,0.5068
37.362,23.916,0.5249
37.362,26.434,0.5418
37.362,28.951,0.5579
37.362,31.469,0.5735
37.362,33.986,0.589
37.362,36.503,0.6046
37.362,39.021,0.6207
37.362,41.538,0.6376
37.362,44.056,0.6557
37.362,46.573,0.6756
37.362,49.091,0.6978
37.362,51.608,0.7225
37.362,54.126,0.7496
37.362,56.643,0.778
37.362,59.161,0.8058
37.362,61.678,0.8305
37.362,64.196,0.8489
37.362,66.713,0.8576
37.362,69.231,0.854
37.362,71.748,0.8362
37.362,74.266,0.804
37.362,76.783,0.7588
37.362,79.301,0.7031
37.362,81.818,0.6409
37.362,84.336,0.5765
37.362,86.853,0.514
37.362,89.371,0.457
37.362,91.888,0.4081
37.362,94.406,0.3686
37.362,96.923,0.3388
37.362,99.441,0.3183
37.362,101.958,0.3058
37.362,104.476,0.3002
37.362,106.993,0.3002
37.362,109.51,0.3047
37.362,112.028,0.3127
37.362,114.545,0.3234
37.362,117.063,0.3359
37.362,119.58,0.3493
37.362,122.098,0.3622
37.362,124.615,0.3735
37.362,127.133,0.3815
37.362,129.65,0.3847
37.362,132.168,0.382
37.362,134.685,0.3725
37.362,137.203,0.356
37.362,139.72,0.3327
37.362,142.238,0.3037
37.362,144.755,0.2704
37.362,147.273,0.2345
37.362,149.79,0.198
37.362,152.308,0.1625
37.362,154.825,0.1297
37.362,157.343,0.1005
37.362,159.86,0.0756
39.391,-127.133,0.0603
39.391,-124.615,0.0673
39.391,-122.098,0.0736
39.391,-119.58,0.0793
39.391,-117.063,0.0844
39.391,-114.545,0.0893
39.391,-112.028,0.0942
39.391,-109.51,0.0995
39.391,-106.993,0.1053
39.391,-104.476,0.1117
39.391,-101.958,0.1187
39.391,-99.441,0.1259
39.391,-96.923,0.1328
39.391,-94.406,0.1389
39.391,-91.888,0.1436
39.391,-89.371,0.1464
39.391,-86.853,0.1468
39.391,-84.336,0.1446
39.391,-81.818,0.1397
39.391,-79.301,0.1323
39.391,-76.783,0.1227
39.391,-74.266,0.1114
39.391,-71.748,0.0989
39.391,-69.231,0.0859
39.391,-66.713,0.0728
39.391,-64.196,0.0604
39.391,-21.399,0.062
39.391,-18.881,0.0814
39.391,-16.364,0.1046
39.391,-13.846,0.1316
39.391,-11.329,0.1622
39.391,-8.811,0.1961
39.391,-6.294,0.233
39.391,-3.776,0.2724
39.391,-1.259,0.3136
39.391,1.259,0.3559
39.391,3.776,0.3987
39.391,6.294,0.4408
39.391,8.811,0.4814
39.391,11.329,0.5194
39.391,13.846,0.5536
39.391,16.364,0.5833
39.391,18.881,0.6077
39.391,21.399,0.6266
39.391,23.916,0.64
39.391,26.434,0.6483
39.391,28.951,0.6523
39.391,31.469,0.6528
39.391,33.986,0.6507
39.391,36.503,0.6469
39.391,39.021,0.6422
39.391,41.538,0.6375
39.391,44.056,0.6336
39.391,46.573,0.6315
39.391,49.091,0.6321
39.391,51.608,0.6362
39.391,54.126,0.644
39.391,56.643,0.6555
39.391,59.161,0.6693
39.391,61.678,0.6835
39.391,64.196,0.6956
39.391,66.713,0.7024
39.391,69.231,0.7013
39.391,71.748,0.6901
39.391,74.266,0.6677
39.391,76.783,0.6343
39.391,79.301,0.5915
39.391,81.818,0.5418
39.391,84.336,0.4887
39.391,86.853,0.4353
39.391,89.371,0.385
39.391,91.888,0.3402
39.391,94.406,0.3026
39.391,96.923,0.2731
39.391,99.441,0.2516
39.391,101.958,0.2378
39.391,104.476,0.2309
39.391,106.993,0.2301
39.391,109.51,0.2342
39.391,112.028,0.2424
39.391,114.545,0.2538
39.391,117.063,0.2672
39.391,119.58,0.2815
39.391,122.098,0.2955
39.391,124.615,0.3079
39.391,127.133,0.3173
39.391,129.65,0.3225
39.391,132.168,0.3224
39.391,134.685,0.3164
39.391,137.203,0.3043
39.391,139.72,0.2863
39.391,142.238,0.2632
39.391,144.755,0.2361
39.391,147.273,0.2065
39.391,149.79,0.1758
39.391,152.308,0.1457
39.391,154.825,0.1174
39.391,157.343,0.0919
39.391,159.86,0.0698
41.42,-122.098,0.0643
41.42,-119.58,0.0678
41.42,-117.063,0.0705
41.42,-114.545,0.0727
41.42,-112.028,0.0746
41.42,-109.51,0.0767
41.42,-106.993,0.0793
41.42,-104.476,0.0826
41.42,-101.958,0.0867
41.42,-99.441,0.0916
41.42,-96.923,0.097
41.42,-94.406,0.1024
41.42,-91.888,0.1075
41.42,-89.371,0.1117
41.42,-86.853,0.1146
41.42,-84.336,0.1158
41.42,-81.818,0.1149
41.42,-79.301,0.1119
41.42,-76.783,0.1068
41.42,-74.266,0.0998
41.42,-71.748,0.0912
41.42,-69.231,0.0815
41.42,-66.713,0.0711
41.42,-64.196,0.0606
41.42,-18.881,0.0784
41.42,-16.364,0.102
41.42,-13.846,0.1301
41.42,-11.329,0.1625
41.42,-8.811,0.1995
41.42,-6.294,0.2405
41.42,-3.776,0.2853
41.42,-1.259,0.3332
41.42,1.259,0.3832
41.42,3.776,0.4342
41.42,6.294,0.4847
41.42,8.811,0.533
41.42,11.329,0.5773
41.42,13.846,0.6158
41.42,16.364,0.647
41.42,18.881,0.6697
41.42,21.399,0.6833
41.42,23.916,0.688
41.42,26.434,0.6844
41.42,28.951,0.6736
41.42,31.469,0.6573
41.42,33.986,0.6369
41.42,36.503,0.6141
41.42,39.021,0.5902
41.42,41.538,0.5665
41.42,44.056,0.544
41.42,46.573,0.524
41.42,49.091,0.5074
41.42,51.608,0.495
41.42,54.126,0.4874
41.42,56.643,0.4848
41.42,59.161,0.4865
41.42,61.678,0.4914
41.42,64.196,0.4976
41.42,66.713,0.5027
41.42,69.231,0.5045
41.42,71.748,0.5007
41.42,74.266,0.4899
41.42,76.783,0.4715
41.42,79.301,0.4459
41.42,81.818,0.4142
41.42,84.336,0.3784
41.42,86.853,0.3408
41.42,89.371,0.3037
41.42,91.888,0.2692
41.42,94.406,0.239
41.42,96.923,0.2141
41.42,99.441,0.1951
41.42,101.958,0.1821
41.42,104.476,0.1747
41.42,106.993,0.1724
41.42,109.51,0.1746
41.42,112.028,0.1803
41.42,114.545,0.1887
41.42,117.063,0.1988
41.42,119.58,0.2096
41.42,122.098,0.22
41.42,124.615,0.2291
41.42,127.133,0.2357
41.42,129.65,0.2392
41.42,132.168,0.2389
41.42,134.685,0.2344
41.42,137.203,0.2255
41.42,139.72,0.2125
41.42,142.238,0.1959
41.42,144.755,0.1765
41.42,147.273,0.1552
41.42,149.79,0.133
41.42,152.308,0.111
41.42,154.825,0.0902
41.42,157.343,0.0713
43.449,-101.958,0.0608
43.449,-99.441,0.0634
43.449,-96.923,0.0669
43.449,-94.406,0.0709
43.449,-91.888,0.0753
43.449,-89.371,0.0796
43.449,-86.853,0.0834
43.449,-84.336,0.0863
43.449,-81.818,0.088
43.449,-79.301,0.0882
43.449,-76.783,0.0867
43.449,-74.266,0.0834
43.449,-71.748,0.0785
43.449,-69.231,0.0723
43.449,-66.713,0.0649
43.449,-18.881,0.0708
43.449,-16.364,0.0932
43.449,-13.846,0.1202
43.449,-11.329,0.152
43.449,-8.811,0.1886
43.449,-6.294,0.23
43.449,-3.776,0.2756
43.449,-1.259,0.3248
43.449,1.259,0.3764
43.449,3.776,0.429
43.449,6.294,0.4808
43.449,8.811,0.5297
43.449,11.329,0.5735
43.449,13.846,0.6101
43.449,16.364,0.6376
43.449,18.881,0.6547
43.449,21.399,0.6608
43.449,23.916,0.6561
43.449,26.434,0.6415
43.449,28.951,0.6186
43.449,31.469,0.5894
43.449,33.986,0.556
43.449,36.503,0.5204
43.449,39.021,0.4845
43.449,41.538,0.4497
43.449,44.056,0.4173
43.449,46.573,0.3883
43.449,49.091,0.3633
43.449,51.608,0.3431
43.449,54.126,0.3281
43.449,56.643,0.3183
43.449,59.161,0.3134
43.449,61.678,0.3128
43.449,64.196,0.3152
43.449,66.713,0.3191
43.449,69.231,0.3226
43.449,71.748,0.3241
43.449,74.266,0.3221
43.449,76.783,0.3157
43.449,79.301,0.3043
43.449,81.818,0.2885
43.449,84.336,0.2689
43.449,86.853,0.2469
43.449,89.371,0.2238
43.449,91.888,0.2013
43.449,94.406,0.1806
43.449,96.923,0.1627
43.449,99.441,0.1484
43.449,101.958,0.1381
43.449,104.476,0.1317
43.449,106.993,0.1289
43.449,109.51,0.1294
43.449,112.028,0.1324
43.449,114.545,0.1373
43.449,117.063,0.1432
43.449,119.58,0.1495
43.449,122.098,0.1553
43.449,124.615,0.16
43.449,127.133,0.163
43.449,129.65,0.164
43.449,132.168,0.1625
43.449,134.685,0.1584
43.449,137.203,0.1518
43.449,139.72,0.1427
43.449,142.238,0.1316
43.449,144.755,0.1188
43.449,147.273,0.1048
43.449,149.79,0.0904
43.449,152.308,0.0761
43.449,154.825,0.0624
45.478,-86.853,0.0603
45.478,-84.336,0.0633
45.478,-81.818,0.0656
45.478,-79.301,0.0671
45.478,-76.783,0.0674
45.478,-74.266,0.0664
45.478,-71.748,0.0641
45.478,-69.231,0.0606
45.478,-18.881,0.0617
45.478,-16.364,0.0817
45.478,-13.846,0.106
45.478,-11.329,0.1347
45.478,-8.811,0.168
45.478,-6.294,0.2057
45.478,-3.776,0.2472
45.478,-1.259,0.2919
45.478,1.259,0.3386
45.478,3.776,0.3858
45.478,6.294,0.4318
45.478,8.811,0.4744
45.478,11.329,0.5117
45.478,13.846,0.5415
45.478,16.364,0.5621
45.478,18.881,0.5723
45.478,21.399,0.5717
45.478,23.916,0.5605
45.478,26.434,0.5398
45.478,28.951,0.5113
45.478,31.469,0.477
45.478,33.986,0.4392
45.478,36.503,0.4
45.478,39.021,0.3614
45.478,41.538,0.3248
45.478,44.056,0.2914
45.478,46.573,0.2619
45.478,49.091,0.2369
45.478,51.608,0.2166
45.478,54.126,0.201
45.478,56.643,0.1902
45.478,59.161,0.1839
45.478,61.678,0.1814
45.478,64.196,0.1821
45.478,66.713,0.185
45.478,69.231,0.1888
45.478,71.748,0.1924
45.478,74.266,0.1947
45.478,76.783,0.1948
45.478,79.301,0.1921
45.478,81.818,0.1864
45.478,84.336,0.178
45.478,86.853,0.1673
45.478,89.371,0.1553
45.478,91.888,0.1428
45.478,94.406,0.1307
45.478,96.923,0.1198
45.478,99.441,0.1108
45.478,101.958,0.104
45.478,104.476,0.0996
45.478,106.993,0.0974
45.478,109.51,0.0972
45.478,112.028,0.0985
45.478,114.545,0.1009
45.478,117.063,0.1039
45.478,119.58,0.1068
45.478,122.098,0.1094
45.478,124.615,0.1111
45.478,127.133,0.1118
45.478,129.65,0.1112
45.478,132.168,0.1092
45.478,134.685,0.1057
45.478,137.203,0.1009
45.478,139.72,0.0947
45.478,142.238,0.0875
45.478,144.755,0.0794
45.478,147.273,0.0707
45.478,149.79,0.0617
47.507,-16.364,0.0738
47.507,-13.846,0.0949
47.507,-11.329,0.1195
47.507,-8.811,0.1476
47.507,-6.294,0.1789
47.507,-3.776,0.2128
47.507,-1.259,0.2487
47.507,1.259,0.2855
47.507,3.776,0.3221
47.507,6.294,0.357
47.507,8.811,0.3886
47.507,11.329,0.4153
47.507,13.846,0.4356
47.507,16.364,0.4481
47.507,18.881,0.452
47.507,21.399,0.4469
47.507,23.916,0.4332
47.507,26.434,0.4119
47.507,28.951,0.3844
47.507,31.469,0.3525
47.507,33.986,0.3182
47.507,36.503,0.2833
47.507,39.021,0.2495
47.507,41.538,0.2181
47.507,44.056,0.19
47.507,46.573,0.1657
47.507,49.091,0.1455
47.507,51.608,0.1294
47.507,54.126,0.1172
47.507,56.643,0.1087
47.507,59.161,0.1036
47.507,61.678,0.1014
47.507,64.196,0.1017
47.507,66.713,0.1037
47.507,69.231,0.1069
47.507,71.748,0.1105
47.507,74.266,0.1137
47.507,76.783,0.1159
47.507,79.301,0.1167
47.507,81.818,0.1158
47.507,84.336,0.1131
47.507,86.853,0.109
47.507,89.371,0.1036
47.507,91.888,0.0976
47.507,94.406,0.0914
47.507,96.923,0.0857
47.507,99.441,0.0807
47.507,101.958,0.0769
47.507,104.476,0.0743
47.507,106.993,0.0729
47.507,109.51,0.0726
47.507,112.028,0.0731
47.507,114.545,0.0742
47.507,117.063,0.0755
47.507,119.58,0.0768
47.507,122.098,0.0778
47.507,124.615,0.0784
47.507,127.133,0.0783
47.507,129.65,0.0775
47.507,132.168,0.076
47.507,134.685,0.0736
47.507,137.203,0.0706
47.507,139.72,0.0669
47.507,142.238,0.0626
49.536,-16.364,0.072
49.536,-13.846,0.0906
49.536,-11.329,0.1114
49.536,-8.811,0.1342
49.536,-6.294,0.1585
49.536,-3.776,0.1836
49.536,-1.259,0.2091
49.536,1.259,0.234
49.536,3.776,0.2578
49.536,6.294,0.2794
49.536,8.811,0.2981
49.536,11.329,0.3128
49.536,13.846,0.3228
49.536,16.364,0.3272
49.536,18.881,0.3257
49.536,21.399,0.3181
49.536,23.916,0.3048
49.536,26.434,0.2864
49.536,28.951,0.264
49.536,31.469,0.2388
49.536,33.986,0.2124
49.536,36.503,0.1861
49.536,39.021,0.161
49.536,41.538,0.1381
49.536,44.056,0.118
49.536,46.573,0.101
49.536,49.091,0.0871
49.536,51.608,0.0764
49.536,54.126,0.0685
49.536,56.643,0.0632
49.536,59.161,0.0601
49.536,66.713,0.0609
49.536,69.231,0.0632
49.536,71.748,0.0659
49.536,74.266,0.0685
49.536,76.783,0.0708
49.536,79.301,0.0723
49.536,81.818,0.0729
49.536,84.336,0.0725
49.536,86.853,0.0711
49.536,89.371,0.0689
49.536,91.888,0.0662
49.536,94.406,0.0631
49.536,96.923,0.0601
51.565,-16.364,0.0717
51.565,-13.846,0.0882
51.565,-11.329,0.1058
51.565,-8.811,0.1239
51.565,-6.294,0.1419
51.565,-3.776,0.1591
51.565,-1.259,0.175
51.565,1.259,0.1892
51.565,3.776,0.2012
51.565,6.294,0.2108
51.565,8.811,0.2178
51.565,11.329,0.2219
51.565,13.846,0.223
51.565,16.364,0.2209
51.565,18.881,0.2155
51.565,21.399,0.2069
51.565,23.916,0.1953
51.565,26.434,0.1811
51.565,28.951,0.165
51.565,31.469,0.1477
51.565,33.986,0.1301
51.565,36.503,0.1128
51.565,39.021,0.0967
51.565,41.538,0.0823
51.565,44.056,0.0698
53.594,-16.364,0.0655
53.594,-13.846,0.0792
53.594,-11.329,0.0933
53.594,-8.811,0.1071
53.594,-6.294,0.1197
53.594,-3.776,0.1307
53.594,-1.259,0.1395
53.594,1.259,0.1459
53.594,3.776,0.1499
53.594,6.294,0.1514
53.594,8.811,0.1508
53.594,11.329,0.1483
53.594,13.846,0.144
53.594,16.364,0.1384
53.594,18.881,0.1314
53.594,21.399,0.1233
53.594,23.916,0.1142
53.594,26.434,0.1043
53.594,28.951,0.094
53.594,31.469,0.0834
53.594,33.986,0.073
53.594,36.503,0.0631
55.623,-13.846,0.0616
55.623,-11.329,0.0715
55.623,-8.811,0.0809
55.623,-6.294,0.089
55.623,-3.776,0.0955
55.623,-1.259,0.0999
55.623,1.259,0.1021
55.623,3.776,0.1022
55.623,6.294,0.1004
55.623,8.811,0.0969
55.623,11.329,0.0923
55.623,13.846,0.0868
55.623,16.364,0.0809
55.623,18.881,0.0746
55.623,21.399,0.0683
55.623,23.916,0.0621
57.652,-3.776,0.0611
57.652,-1.259,0.0631
57.652,1.259,0.0637
57.652,3.776,0.063
57.652,6.294,0.0609
