iso3,country_name,v0_4_composite,v0_4_R,v0_4_E,v0_3_composite,v0_4_w05_composite,v0_4_w00_composite,v0_4_iprepl_composite,v0_4_spu_w075_composite,v0_4_spu_w05_composite,v0_4_spu_w05_R,v0_4_spu_w05_E,v0_4_spu_w025_composite,v0_4_spu_w00_composite,v0_4_spu_rank,locked_composite,v0_4_rank,v0_3_rank,gov_risk_wgi
YEM,Yemen,0.6372814319751479,0.6123970422087672,0.6631769841269832,0.6623920354017704,0.6461762342747679,,0.6239090732408742,0.6646367364516537,0.6679896449475935,0.6360390485561779,0.7015452380952374,0.6735407359252475,,1.0,0.564584,1.0,3.0,0.8803
TCD,Chad,0.6183746380984053,0.579829138808446,0.6594825396825397,0.6668650079215218,0.6396038777412454,,0.6362551471732233,0.6632575346479789,0.6578092314516651,0.6028117491025635,0.7178244047619047,0.6486270354956608,,2.0,0.512052,2.0,2.0,0.7889
SSD,South Sudan,0.6009738439052384,0.614559375,0.5876886363636351,0.6421796145777756,0.6210390755521658,,0.6649033291330849,0.6354272112737833,0.6251618718372484,0.6283260416666666,0.622013636363635,0.607667733731884,,3.0,0.57579,3.0,4.0,0.8945
SYR,Syria,0.5844928758149699,0.6471455835608626,0.5279058229813665,0.571785464375184,0.5790578011163756,0.5921996348978018,0.571785464375184,0.5740176546771683,0.5769804751417962,0.6396609681762472,0.5204420548654244,0.5811030457966465,0.5872326383496315,7.0,0.454371,4.0,10.0,0.8627
AFG,Afghanistan,0.571013466918955,0.7311774093350378,0.4459333333333333,0.667669517290737,0.6185536083632189,,0.623022924049725,0.6546059395378433,0.634506472556969,0.7318308815572601,0.550125,0.5995117539415967,,4.0,0.614029,5.0,1.0,0.8871
UGA,Uganda,0.5685362695471281,0.47400469874904766,0.6819204337923542,0.5849188262718494,0.5752778776597172,0.5594980226121118,0.5624566402141098,0.5833947774191783,0.5813564973206649,0.47633375889233576,0.7095347971197308,0.5784908399419334,0.5741655373464875,8.0,0.370888,6.0,7.0,0.6477
SDN,Sudan,0.5658559125132886,0.6606457098872927,0.484666605616605,0.6293113601441519,0.5951648053640115,,0.5895984089784966,0.6229792582138046,0.6133585479976879,0.6689790642739191,0.5623624542124537,0.5969795882584106,,5.0,0.537574,7.0,5.0,0.8547
COD,"Congo, The Democratic Republic of the",0.5634120898716135,0.5267581510868364,0.6026165563049257,0.6181091560256736,0.5867113894338235,0.5303464062296175,0.5999733038804287,0.6106862702371725,0.6006464100012697,0.5517338857524975,0.6538951461271206,0.5863018460785603,0.5641014731559378,6.0,0.510025,8.0,6.0,0.8253
MMR,Myanmar,0.5580830503062687,0.4363911078412771,0.7137099850174566,0.5846323992186837,0.5692972116921348,0.5424795098437017,0.5749269965347921,0.5812603994828877,0.5767337326659114,0.4489947764561589,0.740814405503965,0.5703360442209519,0.5606026317739476,9.0,0.507692,9.0,8.0,0.8623
ETH,Ethiopia,0.5504598031285708,0.46035680245053506,0.6581981481481479,0.5807651257155095,0.5639600455463958,0.593112346733579,0.5837637801086798,0.5778999086909449,0.5735752472792728,0.47820808324490416,0.6879611111111109,0.5662940908535125,0.621043271015649,10.0,0.408512,10.0,9.0,0.7098
RWA,Rwanda,0.5453259810054767,0.4699865252833264,0.6327424501804874,0.5598857232764954,0.5509852477689255,0.5385790479346836,0.5539568368187642,0.5603351172201735,0.5609337490933135,0.47324503521293926,0.6648705162438806,0.5617707620251424,0.5630239482987844,11.0,0.258637,11.0,12.0,0.4799
CAF,Central African Republic,0.527335147904203,0.552646202275806,0.5031833333333333,0.5584940824476102,0.5422494197876433,,0.5584940824476102,0.5537697264113907,0.5466066360106407,0.567669813386917,0.5263249999999999,0.534454852099539,,14.0,0.484554,12.0,13.0,0.843
MOZ,Mozambique,0.5126253353151222,0.4029507971407575,0.6521509233176832,0.5407642683257269,0.5239901378341812,0.4980339831627367,0.5187724002632038,0.5396174134044949,0.5380844711734604,0.420605599805413,0.6883762323943656,0.5359309857567051,0.5326844343120514,13.0,0.37551,13.0,15.0,0.739
KEN,Kenya,0.5046483863208063,0.351286042266365,0.7249647386305448,0.51029256025603,0.5063566679308555,0.5037172585059487,0.48644808408705237,0.5123066209033568,0.514979782301951,0.35877279157506287,0.7391981287529671,0.5186990644694218,0.5242285135644439,19.0,0.286423,14.0,25.0,0.5929
MWI,Malawi,0.5012812649732513,0.3645721631492023,0.6892542328042327,0.5300354380918428,0.5134300306143654,0.5227845966087641,0.5247293196576488,0.5284191139564324,0.5259853149437108,0.38473889926031346,0.7190865079365079,0.521903762622629,0.5588158548883789,16.0,0.271673,15.0,20.0,0.5293
HTI,Haiti,0.5007317088032939,0.3557230577305888,0.7048523809523808,0.53665512154137,0.5149358776226605,,0.5319228365190293,0.53665512154137,0.53665512154137,0.38763467506341936,0.7429642857142856,0.53665512154137,,12.0,0.407074,16.0,17.0,0.8207
BFA,Burkina Faso,0.4997755972636419,0.40601609904565,0.6151865608465608,0.5387360061325881,0.5160288413702248,0.47754707693466525,0.5372676237879673,0.5344364519149761,0.5286493200391329,0.4279449112628446,0.6530515873015872,0.5204392366041919,0.5078753214383711,17.0,0.369134,17.0,16.0,0.6768
ZWE,Zimbabwe,0.49817805650315095,0.35902115995720624,0.6912722804718218,0.5200940801981574,0.5069749803124233,0.4870534762899219,0.5088759089939205,0.5195928469153778,0.5189237827564279,0.37814446281039876,0.7121138051550896,0.5179856410680693,0.5165752340331332,20.0,0.377297,18.0,22.0,0.7422
CMR,Cameroon,0.48865347126932207,0.3929876628766181,0.6076074074074074,0.5320714076209272,0.5077914136300705,0.4944254133656847,0.5271184511976099,0.5285444050896074,0.5232093234712522,0.41047490740904646,0.6669055555555555,0.5141945249871647,0.5426489264034281,21.0,0.393127,19.0,18.0,0.7507
AGO,Angola,0.4883033122852572,0.42572245383174034,0.5600835066195331,0.5472874649302648,0.5125866014247685,0.4560097350531757,0.5174417288014885,0.5429921136388804,0.5372115570979924,0.4672149290077082,0.6176948533998754,0.5290126721804804,0.5164703599427143,15.0,0.388471,20.0,14.0,0.7339
GNQ,Equatorial Guinea,0.4858594894555583,0.3826063171548168,0.6169773809523833,0.5027154964824948,0.4935322703804467,,0.5027154964824948,0.5008549223087007,0.4980510289083583,0.3944825076310073,0.6288107142857167,0.49334246157178424,,26.0,0.395835,21.0,31.0,0.8081
NER,Niger,0.4851376527620172,0.43629847664168137,0.5394438778220452,0.5313030447531493,0.5043370846929657,0.45910813383045,0.5106093284022641,0.5269408922427206,0.5210678861616831,0.4668065221419327,0.5816365648517042,0.5127326742943491,0.49996937430114713,22.0,0.366135,22.0,19.0,0.6891
SOM,Somalia,0.4850169479955222,0.5457666203312532,0.4310293650793653,0.5617103001951179,0.5208095718161495,,0.5261160232743766,0.5534290816304736,0.5407695248143511,0.5656214547329625,0.5170095238095239,0.5189844858862245,,18.0,0.523618,23.0,11.0,0.9411
BGD,Bangladesh,0.4848670218492096,0.36657327159091324,0.6413343445816838,0.512846993169896,0.4960702210978073,0.47074102281256225,0.4914889615010167,0.5122573353874692,0.5114700675485245,0.39090768555521693,0.6692158779803274,0.5103658523783143,0.5087050355436538,24.0,0.348079,24.0,23.0,0.692
ZMB,Zambia,0.4839703283223892,0.3698008977233742,0.6333875340445834,0.4980862329116668,0.48945559643450215,0.47743868609834966,0.4948059558846777,0.49849707651793995,0.4990443418555075,0.38382882036037774,0.6488445940671351,0.49980950662776097,0.5009550624374601,25.0,0.291297,25.0,33.0,0.6122
GNB,Guinea-Bissau,0.4785596966613597,0.3467878174999724,0.6604020433002404,0.5114612359485687,0.4915551818218495,0.46255537693123633,0.4857302062163415,0.5113140959998996,0.5111178435107413,0.376386106302673,0.6940783561893538,0.5108429633622227,0.5104303655829432,23.0,0.366628,26.0,24.0,0.747
NGA,Nigeria,0.45807690991961775,0.39617500569022907,0.5296509178713209,0.5062622309039466,0.47799127424568727,0.43127972961024474,0.47356146715634123,0.5024094991347763,0.49722608807484275,0.41981517725885653,0.5889110162155187,0.48987718015856546,0.4786423039253342,28.0,0.33129,27.0,29.0,0.7014
LAO,Laos,0.4579397315251345,0.3649502228703893,0.5746230158730155,0.4886619545792691,0.4699449103206759,,0.4802915947517568,0.4889466460926818,0.48937337282831206,0.395711192489006,0.6052047619047616,0.4900837583653274,,27.0,0.318937,28.0,36.0,0.6485
TGO,Togo,0.45726832198350575,0.3919421962976294,0.5334825396825379,0.509946744436122,0.48099760468355257,0.5037876848900443,0.5075566446022477,0.5046850008313846,0.496687881791913,0.41492736503820254,0.5945591269841256,0.48306523542568774,0.5505826370909237,31.0,0.307519,29.0,26.0,0.6266
BDI,Burundi,0.45588529183006016,0.38111446948348005,0.5453253968253963,0.5263449373787152,0.4879529102195423,,0.4981495834256603,0.5191251246750809,0.5081030879811598,0.4099256717207853,0.6297940476190472,0.48918146216693115,,30.0,0.386079,30.0,21.0,0.7606
MDG,Madagascar,0.4545411853123692,0.34839423018757376,0.5930284466362632,0.5041661614417977,0.47490921785683143,0.42758723483646977,0.47811504768666646,0.5006420070802267,0.4959041780429619,0.3803183572614802,0.6466186790751929,0.489194135457972,0.47895284184926096,29.0,0.327654,31.0,30.0,0.6765
MLI,Mali,0.45064639067625295,0.4262885412483818,0.4763960317460326,0.5068104000604525,0.47523895340410316,0.4138581833154975,0.49368884825555465,0.49738338172434765,0.4845287994437116,0.4408540364721123,0.5325303571428579,0.46593696804944257,0.4365671875579079,38.0,0.37213,32.0,28.0,0.7189
NIC,Nicaragua,0.44870995021241167,0.33924913435474996,0.59348897028897,0.4906365287285363,0.4662703903065269,0.4245761378350399,0.4678718447265916,0.4864103132031155,0.480717566505642,0.35693009589321145,0.6474359584859583,0.47263254129033594,0.4602387745461516,34.0,0.394517,33.0,35.0,0.8239
COG,Congo,0.4455253488920779,0.3971003909015204,0.49985555555555555,0.5072452614418159,0.47304750568739024,,0.469762915036242,0.5021801101742448,0.4944851107503411,0.4185177790362614,0.5842416666666667,0.48138684470223936,,32.0,0.373816,34.0,27.0,0.7357
TZA,Tanzania,0.44424042564401417,0.3680055509452124,0.5362678776705618,0.47330445141751915,0.45573383365562775,0.43009097440124233,0.4697208532298449,0.47337542164384383,0.4734700320642809,0.38913193700604704,0.5760870541434576,0.47360245490073327,0.47380101975995786,33.0,0.270928,35.0,40.0,0.6039
ERI,Eritrea,0.4406913596033899,0.45266082863999096,0.429038392857143,0.5022335091041306,0.47309097758955193,,0.5022335091041306,0.4899270220780979,0.4708645993331941,0.4456208286399909,0.497538392857143,0.4372510081673569,,44.0,0.439823,36.0,32.0,0.8605
CIV,Côte d'Ivoire,0.43270848101081016,0.39139745644686297,0.47837978110136836,0.47772722148728475,0.45108333624548314,0.4086203768568523,0.4676164687386412,0.4755458717131585,0.47262174450052175,0.4137413755016644,0.5398814974786535,0.46849730581351334,0.4622416508972627,36.0,0.284725,37.0,39.0,0.6156
KHM,Cambodia,0.43249013170158823,0.28738615828618364,0.6508584656084657,0.4812023131087415,0.45296795916903115,0.41300195552147667,0.470041892034787,0.4791153124868192,0.4759676537712947,0.32256171918361953,0.7023313492063492,0.47067478021655124,0.4944376269704286,35.0,0.340564,38.0,37.0,0.7113
SLE,Sierra Leone,0.4310014554505958,0.34708757207090074,0.5352028408628404,0.4630282089400617,0.44388285511185094,0.414568432975721,0.45725242265932053,0.46190923482517593,0.4604130389916178,0.3670153539336458,0.5775784696784694,0.4583101589894134,0.4551376219035382,40.0,0.304207,39.0,44.0,0.6677
BTN,Bhutan,0.42977794483664783,0.3831116694053424,0.4821285714285709,0.436285191440453,0.4321803321673429,0.427322565836209,0.436285191440453,0.438661701161102,0.44181049609454826,0.4129145692832424,0.47272857142857094,0.4461814781124081,0.45265881946281245,42.0,0.126542,40.0,49.0,0.3419
MRT,Mauritania,0.4259999668935012,0.4279979724800904,0.4240112885154054,0.49454437942190765,0.4550302689897309,0.3850100621210809,0.4487121898008182,0.4879366957297234,0.4789846763054415,0.4531651635937153,0.5062752801120443,0.46616312774556895,0.4462406009886216,37.0,0.354077,41.0,34.0,0.6727
MAR,Morocco,0.4257929085105641,0.32839348957148684,0.5520803752061569,0.4435706049763224,0.4333875228083077,0.41511833794319225,0.44296781017628073,0.4412218617201832,0.4380706154729427,0.340578398759521,0.5634704515606863,0.43362039870636676,0.42685809026467697,46.0,0.251309,42.0,48.0,0.5736
LBR,Liberia,0.4236786044149905,0.3234364388921276,0.5549886724386734,0.4670323043494373,0.4411501617544426,0.4012627057772887,0.46340766832113794,0.4650736728159129,0.46244926020829497,0.3516578268383317,0.6081460497835506,0.458749860202924,0.4531441362190478,39.0,0.307749,43.0,43.0,0.6736
GTM,Guatemala,0.4233633022674747,0.3576281897441476,0.5011810893180695,0.4677548528118026,0.44146326280819354,0.39984998770786306,0.44741186823977797,0.4623624084536148,0.4555320952233471,0.37580187595581177,0.5521778975977553,0.4465967925318118,0.434397247759707,41.0,0.338269,44.0,41.0,0.6925
GIN,Guinea,0.41732129986425137,0.46045465709561223,0.37822848490426964,0.4503602656853512,0.4317911015521178,0.3958727985216243,0.4960678062225312,0.44416602473293726,0.43577009498767477,0.47471977461697973,0.40001614813451025,0.4237364052184761,0.4050160357817218,51.0,0.339065,45.0,47.0,0.7296
SEN,Senegal,0.4162054529632483,0.3442163696250594,0.5032502645502642,0.45881743070666703,0.4352843439743802,0.4671782269324247,0.44973605224484614,0.4550081158862657,0.44923358258874957,0.3560973264500971,0.5667293650793649,0.43944076817106825,0.510488791554133,43.0,0.244676,46.0,45.0,0.5409
LKA,Sri Lanka,0.415375805809723,0.30056282258256095,0.5740465789134079,0.42465865015107174,0.4188075411842106,0.41174285900848145,0.40924913833640064,0.42599425244285555,0.42776856874089836,0.3107955852773825,0.5887662408052651,0.4302403186664887,0.43392154465023897,49.0,0.226376,47.0,51.0,0.5515
GHA,Ghana,0.41398825671333433,0.2873273735362065,0.5964843327917344,0.4295935297606544,0.42002404809304406,0.4068443651710806,0.42830575316252806,0.43001825988373443,0.4305839150058023,0.299607839222481,0.6188172790901137,0.4313745860633523,0.4325578827864954,48.0,0.19832,48.0,50.0,0.4892
HND,Honduras,0.4059927597961128,0.3127603832052696,0.5270172626009463,0.4520874275484417,0.42530734397396475,0.37938655622434375,0.4271882167416193,0.4476791215674979,0.4417329519904741,0.3305842042208553,0.5902520398217762,0.43327124051302934,0.42025934650870106,47.0,0.33133,49.0,46.0,0.7354
COM,Comoros,0.3994650801222725,0.3840775892971184,0.4154690476190478,0.47860561952496466,0.435923712218059,,0.4386550663127305,0.470510556644347,0.4580998267006005,0.41013283596629885,0.5116767857142859,0.43663206868640014,,45.0,0.325707,50.0,38.0,0.7262
LBY,Libya,0.39748284743055756,0.36202899042089887,0.4364087357142861,0.410206722067033,0.4026206531370371,,0.410206722067033,0.41020672206703296,0.410206722067033,0.3855778793097877,0.4364087357142861,0.410206722067033,,53.0,0.319532,51.0,58.0,0.8396
IRN,Iran,0.39662534840579017,0.34855587040073743,0.45132410714285764,0.3918201010427883,0.39480565122905725,,0.40041672193839695,0.3918201010427883,0.3918201010427883,0.3401612924092845,0.45132410714285764,0.3918201010427883,,64.0,0.249653,52.0,69.0,0.747
SWZ,Eswatini,0.3885216897342928,0.2798237546931488,0.5394434920634917,0.40566195765185276,0.39545911645662385,0.3795951857975421,0.39458185867192047,0.4049445639623323,0.4039860573645125,0.29007135556041885,0.5626365079365078,0.40264031476258666,0.4006132247728504,57.0,0.26633,53.0,62.0,0.672
UKR,Ukraine,0.3881913585453865,0.3296915266461704,0.45707128837144234,0.37616036755285315,0.38327111099835703,0.3946274456119843,0.37616036755285315,0.3768032939029847,0.3776588264571536,0.3140206933128371,0.454193600097895,0.37885332632536306,0.3806380477146082,70.0,0.235419,54.0,82.0,0.644
PAK,Pakistan,0.38711062708957805,0.4358009051829028,0.3438603174603167,0.46722918365672556,0.4219399382476893,0.33517267275665585,0.4204541013918714,0.457965196642229,0.4453135259218191,0.4575551654895896,0.43339940476190414,0.4269718461627613,0.39787710286683714,50.0,0.34379,55.0,42.0,0.7034
IDN,Indonesia,0.3870833874209659,0.25954364453429096,0.5772961579781373,0.4138423950861789,0.3975631333667453,0.3743090026975281,0.4039508234803745,0.41312501544905966,0.41222653531,0.2749943807710934,0.6179425046329866,0.41106846094935756,0.40951926753864626,52.0,0.216755,56.0,55.0,0.5413
IND,India,0.38437554973765375,0.3038126279947711,0.48630158730158624,0.4106707852247651,0.3952565611106128,,0.37726753984110806,0.41000403485260783,0.40900187130728194,0.3114906499279033,0.5370386904761897,0.4073261195020419,,54.0,0.207901,57.0,57.0,0.5078
NAM,Namibia,0.38052759905479533,0.28069182798231745,0.5158727088112057,0.3888240740790985,0.38365192879586774,0.3770649589290001,0.38152160020800024,0.38965055658929787,0.39074981399806796,0.2910288553830213,0.5246401321222129,0.39228359943333063,0.3945730987429801,63.0,0.159483,58.0,70.0,0.4344
VUT,Vanuatu,0.3768225527709364,0.33008927341536237,0.4301722222222222,0.40894073724919155,0.38986695129440585,,0.38361576421796584,0.40829831274004097,0.40733277623221326,0.3563446123629072,0.4656166666666666,0.4057184425240887,,55.0,0.170289,59.0,61.0,0.4157
GEO,Georgia,0.37577321494298616,0.27053884550216206,0.5219417152700875,0.38602134342937816,0.38020147319836434,0.36939593227677414,0.38361128455693994,0.3843008043304074,0.38199469766429084,0.2740746313870288,0.532409542266519,0.3787425592828482,0.37381130529299816,71.0,0.174501,60.0,71.0,0.4702
EGY,Egypt,0.3755194346918474,0.2891725614479082,0.4876494682801611,0.4144328187700244,0.3919058273468738,0.3528340829696613,0.37794239869545176,0.41046303231282044,0.4051094753986781,0.30563833099290566,0.5369538778877886,0.39749338068085055,0.38578742673399913,60.0,0.269098,61.0,54.0,0.6503
PSE,"Palestine, State of",0.37348682379494796,0.4293267973856209,0.3249096222222219,0.4177648361765396,0.39218040089275225,0.4211727100460711,0.3941554265234952,0.4134772753160128,0.4076903919384713,0.4519566666666666,0.36775971666666646,0.3994479359636384,0.46941107910346896,59.0,0.291508,62.0,53.0,0.6979
PHL,Philippines,0.3724149673798873,0.28202172434467393,0.4917809372694227,0.39252985590835543,0.3806061854445584,0.36178594358432026,0.3941977316170187,0.3886829063614622,0.3838200022084464,0.2897384978489475,0.5084508796345544,0.377475654890736,0.368846812767018,74.0,0.247673,63.0,68.0,0.6148
MYS,Malaysia,0.3693316149672215,0.26773443878499903,0.5094818673059653,0.3579662034362419,0.3651316279516353,0.3739862797621873,0.3571647294179095,0.3571888494856479,0.356214771507002,0.24730125807681835,0.5130946944085928,0.354958457783572,0.35327642317100666,86.0,0.139658,64.0,88.0,0.431
LBN,Lebanon,0.3693101137664045,0.3571192824228364,0.38191709841269833,0.40976056873593975,0.3859037966467882,0.34757780823137896,0.38348610855622384,0.4056385962748247,0.4004264659822974,0.37120476287783893,0.43194853809523803,0.3936237575319247,0.384366239767305,61.0,0.27244,65.0,59.0,0.7171
IRQ,Iraq,0.369166107263689,0.3622638474402302,0.3761998767340726,0.4230875866204195,0.3919111237974343,0.337470078806445,0.3986478939409574,0.418792806307287,0.41299696467567637,0.3797220393708487,0.44918776143183303,0.40474337837022933,0.39203732805612235,56.0,0.333813,66.0,52.0,0.7716
VEN,Venezuela,0.36890158806016704,0.2836778495757732,0.4797286142602495,0.40484310656124284,0.3847182262548661,0.34515247374016744,0.38470826913247463,0.3991721924922835,0.39148320998183517,0.2840052876728069,0.5396346841057634,0.3804576637573498,0.3632924844154214,69.0,0.375521,67.0,63.0,0.9409
PNG,Papua New Guinea,0.36879603185975607,0.31180960183354606,0.4361973214285716,0.41166683002252535,0.3887877379629949,,0.447139463531521,0.4059768285437924,0.39728905707934786,0.33518686068580494,0.47089732142857155,0.3823710381412273,,68.0,0.23699,68.0,56.0,0.6143
PRY,Paraguay,0.3683327101525714,0.23345686159452192,0.5811308540760477,0.39253418047563515,0.3781442108255822,0.35558917976195403,0.3836031577014678,0.3910786138774535,0.38912938904665056,0.24620219907566823,0.6150297681674295,0.3863839544835324,0.382228830121567,67.0,0.236259,69.0,67.0,0.6167
SLV,El Salvador,0.36678466966674467,0.2758989720822012,0.4876096235054508,0.3978755785922366,0.37934440434412753,0.350737790834667,0.38016448599058833,0.39502298219947324,0.39142800359432417,0.289824247346153,0.5286510131598622,0.3867567902762524,0.3804392968583253,66.0,0.253372,70.0,65.0,0.6427
MEX,Mexico,0.36397419529446606,0.2597918215867552,0.5099360481446662,0.38472109953306305,0.37229845353658825,0.3534533385661892,0.36642701243735937,0.3831734494381085,0.3812300516286208,0.2686912405787109,0.540904690274731,0.3787167439520476,0.375339488991163,72.0,0.275408,71.0,73.0,0.7308
TUR,Türkiye,0.362156768174868,0.27613960214618855,0.47496818172943617,0.37722904081585734,0.36917955590010826,0.3508454421071664,0.3915929382486607,0.3731167929490105,0.36756223569371044,0.271608390796264,0.49741466643237847,0.3596417598205252,0.3474226429793727,83.0,0.248277,72.0,80.0,0.6687
TON,Tonga,0.3592300173466115,0.27870699578881636,0.46301746031746,0.3855610249796471,0.3704139310317228,0.38216997907611194,0.3594730800311477,0.3876423244664554,0.39012522732968385,0.3137715523499024,0.4850589285714283,0.3931385917749936,0.39687312396099533,62.0,0.120226,73.0,72.0,0.3611
MDA,Moldova,0.3579533545911686,0.23444469364974904,0.5465280619850278,0.37011611987108317,0.36298659361528113,0.3512479755002885,0.3678163707536295,0.3692566064040346,0.3681074665807369,0.24613551441395215,0.5505223708781757,0.3664926176115123,0.36405691379317734,80.0,0.190703,74.0,84.0,0.5323
THA,Thailand,0.3551493806318877,0.23183212892294744,0.5440621330149406,0.37622512893435467,0.3639291391049564,0.3431636587767116,0.37656316225839725,0.37402566551741434,0.3710727685569348,0.2389633031939379,0.5762181796288526,0.36689878863629105,0.36054722771113046,79.0,0.207807,75.0,81.0,0.5431
BWA,Botswana,0.35482056124063177,0.2738222788417286,0.4597786243386233,0.3829022843423161,0.36619443489380266,0.3401326383424004,0.34721048306281777,0.3815718386321074,0.37979066112853704,0.29188818130527816,0.49416507936507864,0.3772828856722249,0.37348965197475814,75.0,0.164552,76.0,77.0,0.4376
PAN,Panama,0.3525833558141646,0.28227896849486667,0.4403977507075187,0.38158117953796095,0.3650385426293966,0.3347142993674152,0.3638356815168218,0.3777557721495649,0.37259413908249256,0.2878982960464001,0.4822063707395106,0.36524532741632376,0.3539361302279101,81.0,0.211768,77.0,78.0,0.5527
NPL,Nepal,0.3512264986326823,0.3955529624894942,0.3118673478397978,0.4091640531051641,0.3756287565358446,0.3171932853570178,0.3989530449833943,0.4048902366959965,0.3991206321353642,0.4159269289927622,0.3829934247871331,0.39090014621419933,0.3782345730912326,65.0,0.224895,78.0,60.0,0.5607
PER,Peru,0.3511953144752285,0.25191369694855875,0.4896047749818881,0.3840973725072541,0.3644548086250962,0.33426519589844744,0.3674941395262801,0.38057433517403,0.3761241362580686,0.26526814767756834,0.533307022024496,0.37032387999766153,0.36244584384987505,77.0,0.240578,79.0,75.0,0.6012
KIR,Kiribati,0.3452709178344793,0.2625352508418423,0.45408,0.38443687989650455,0.36231128570814514,,,0.3886188942861695,0.394125892101833,0.2998411739187654,0.5180583333333333,0.4017088774043595,,58.0,0.136661,80.0,74.0,0.3428
LSO,Lesotho,0.34198131346357274,0.33034253120624824,0.35403015873015853,0.400190302164945,0.36807928973146764,,0.35284975489899695,0.39551294131818127,0.3883912974760026,0.34913613477588124,0.4320601190476189,0.3762224368153972,,76.0,0.221083,81.0,64.0,0.5813
GMB,Gambia,0.3370156866565678,0.28121391229078785,0.40389030587914687,0.38329198017556027,0.3555948467079665,0.3134254054690144,0.3466012493532195,0.38198910655782226,0.3802449975276005,0.3145934635728391,0.45959714643368055,0.37778971797423916,0.37407658346986983,73.0,0.210604,82.0,76.0,0.5788
VNM,Vietnam,0.33465005182324437,0.2119623748217774,0.5283515873015875,0.35371452317789986,0.3418692691682258,0.32882508849991143,0.34669455883159783,0.35440404576436413,0.3554358215978241,0.23399221110885635,0.5399095238095241,0.35714882422160016,0.3666096275352332,84.0,0.188227,83.0,90.0,0.5628
DOM,Dominican Republic,0.33450190426123066,0.241534104692161,0.463253518988538,0.36620168129595926,0.3472135124387621,0.31836702791015364,0.3368435995869448,0.36296461827222126,0.35887723184173903,0.25396369808079855,0.507131013241955,0.35355259327750355,0.3463257538576351,87.0,0.195248,84.0,86.0,0.5365
JOR,Jordan,0.3341622084911707,0.36758783216923663,0.3037760551668277,0.36479597903022204,0.34652758157884267,0.31838790053299204,0.31932400149820983,0.36458537308048583,0.36432194443755467,0.37493311434621,0.35401108656462515,0.36398297032416954,0.36353051316544455,82.0,0.141405,85.0,87.0,0.4663
TJK,Tajikistan,0.33236777125905675,0.27166627317981973,0.4066324983174932,0.37777644704222246,0.3520668844931099,0.30348258056483685,0.36466404052091195,0.3709520084629353,0.3616524908063996,0.2868575605729821,0.45594937029103266,0.3482161803244864,0.32702826244795524,88.0,0.274013,86.0,79.0,0.7367
ISR,Israel,0.3279162582165045,0.2658581491982999,0.4044603211410638,0.3219718950201093,0.3252704831807302,0.3318971875004264,0.320259015299804,0.32366850114973783,0.3259169044016504,0.2676815618967126,0.39682161080538375,0.32903885862962434,0.3336670246796693,94.0,0.119024,87.0,101.0,0.3801
BEN,Benin,0.32760748877350065,0.31390093735705205,0.3419125396825394,0.3964896160352343,0.3567986235423178,0.2860677914515276,0.3845197234706466,0.38999902214563664,0.3811730133971533,0.3400756454390028,0.4272369047619045,0.36846159441258675,0.34852627903683864,78.0,0.231216,88.0,66.0,0.5825
ARM,Armenia,0.3264609895020778,0.20184744335320373,0.528006577126577,0.3482684983351291,0.3351203388961799,0.3157020300946883,0.32646787351711415,0.34810037704323044,0.3478760889325638,0.21827775820991563,0.5544210012210011,0.3475618424190809,0.3470899391913276,89.0,0.17014,89.0,94.0,0.5285
COL,Colombia,0.32503610360658736,0.23915208452518633,0.4417626919602527,0.3544912320263637,0.3369836868349645,0.3096468695307894,0.333476147940312,0.35107286044207914,0.3467525097721018,0.2503355617750606,0.48030452477739044,0.3411173799821431,0.3334557723537792,91.0,0.221327,90.0,89.0,0.6119
BLZ,Belize,0.322628780714855,0.2593493933802396,0.40134788359788315,0.3438256329493338,0.33166833653287536,0.3308974240706788,0.3438256329493338,0.34133194698092156,0.3383152621711274,0.2789383517135729,0.41033158730158686,0.3345912687362365,0.3298771631005724,92.0,0.200159,91.0,95.0,0.5794
KGZ,Kyrgyzstan,0.3220760000694838,0.3064352406850537,0.33851507936507924,0.3682880318714912,0.3420594716846715,0.29286059873203135,0.31695695800383217,0.36258049234017226,0.354827655959146,0.31690509991079524,0.3972882275132274,0.34367999395427506,0.32624507269970116,90.0,0.254706,92.0,85.0,0.6872
BRN,Brunei Darussalam,0.3204674410932459,0.26772181078972734,0.38360483405483403,0.32413149412899983,0.3223323579895497,0.3597524000668621,0.34529536803938615,0.3225035420298153,0.32053908589180136,0.2759749792878958,0.37229935064935066,0.3181216103678813,0.3150736830194363,98.0,0.102584,93.0,100.0,0.3825
PRK,North Korea,0.31748433017239486,0.1482465928316691,0.6799232142857159,0.33357631985337177,0.32401704339397974,,0.33357631985337177,0.33357631985337177,0.33357631985337177,0.16365548172055797,0.6799232142857159,0.33357631985337177,,93.0,0.26325,94.0,98.0,0.8051
GAB,Gabon,0.31462073118627465,0.24930761751544198,0.397044444444442,0.3706976161562291,0.3384732890681228,,0.3270531565344825,0.3677698229723698,0.36333389985928116,0.2764808100745169,0.4774708333333315,0.35581782269863516,,85.0,0.259186,95.0,83.0,0.7311
STP,Sao Tome and Principe,0.30628822854115845,0.28345604883355047,0.33095952380952354,0.3515282522026383,0.32662392494558,,0.3515282522026383,0.34682573403557065,0.33964990258841304,0.32376164712414873,0.35631785714285685,0.3273408018564066,,95.0,0.173401,96.0,92.0,0.5706
SAU,Saudi Arabia,0.301950260578288,0.3147989283366366,0.28962601729634,0.3044008918581235,0.3033261649152443,0.2994442413224452,0.3044008918581235,0.3017423551961703,0.298385876615282,0.2984686780313863,0.2983030981700118,0.29401410596421057,0.288081895814169,106.0,0.133066,97.0,108.0,0.4579
FJI,Fiji,0.3008035803848224,0.22272634064930966,0.40625097915471353,0.3121019987286049,0.3054765157267752,0.29464955192829484,0.312137793086892,0.31171318966895717,0.31119402192930296,0.23302127169865244,0.4155917551157005,0.3104657285818385,0.3093700739128242,100.0,0.128357,98.0,105.0,0.4388
MNG,Mongolia,0.3002487751810604,0.21931906687213765,0.41104190476190444,0.3149241232242512,0.30691561731706424,0.2898805678624576,0.31668130374629294,0.3113571747705751,0.3065366853594894,0.22001254663583802,0.42708809523809504,0.29965775200598105,0.2890325442513717,104.0,0.168101,99.0,103.0,0.52
AZE,Azerbaijan,0.2992554287812012,0.28561628396987193,0.313545888946819,0.35147043434469993,0.32294348770278447,0.2612506517967378,0.35147043434469993,0.3406922196371972,0.325767020417677,0.2940504185852566,0.36090460983663486,0.3036417294946439,0.2670384285801007,102.0,0.207251,100.0,93.0,0.5971
ECU,Ecuador,0.2989527535886326,0.2610123080477452,0.3424081781686606,0.3421362738649511,0.31674600605218556,0.27530767608521883,0.31107656620535973,0.33616226428972357,0.32854203000551596,0.274100317097519,0.3937969376436098,0.3184767845970162,0.3045394196543356,97.0,0.24466,101.0,96.0,0.693
ARG,Argentina,0.2972072596757972,0.19253969006369615,0.4587737477648095,0.30290416792784847,0.2994596056414866,0.29441245208676037,0.28623439256411626,0.3030067475011351,0.30313492315330415,0.18914916530250964,0.4858111929185469,0.30329964082725763,0.30351912533972,103.0,0.151982,102.0,109.0,0.5503
TKM,Turkmenistan,0.29459833688695014,0.24682424693609883,0.3516193452380951,0.3535404745060468,0.3231111727800488,,0.3535404745060468,0.3447573126665587,0.331146056781184,0.2682575802694322,0.40877767857142844,0.30712302865381735,,101.0,0.265108,103.0,91.0,0.7826
TLS,Timor-Leste,0.2919046446031709,0.25353726633250784,0.3360780952380976,0.33945068627231784,0.3119286589547152,0.26376414516390073,0.3152422297580219,0.33442660834124305,0.3276080081049098,0.27170288688842253,0.3950160714285732,0.3178162957204082,0.3025350956532232,99.0,0.220849,104.0,97.0,0.6251
ALB,Albania,0.2903587645727718,0.18962207059511282,0.4446118107435076,0.31298215281859737,0.30018497995139826,0.2761320331316324,0.31298215281859737,0.3093789847204416,0.30450844617443334,0.19913876397118124,0.4656320645084786,0.29755578710294117,0.28681095761629394,105.0,0.154053,105.0,104.0,0.5237
CHN,China,0.2874038722633919,0.2347863319923084,0.3518134343301471,0.2938851068002133,0.290254177371998,0.2832706687332695,0.2938851068002133,0.29108911493515743,0.28755589696124106,0.22756316349413988,0.3633645824198311,0.2829483664485556,0.2766856646223937,112.0,0.18892,106.0,116.0,0.6159
BOL,Bolivia,0.28737040447469747,0.21608368129024114,0.38217485408825647,0.33345758230287204,0.30573069027370336,0.26431063610334604,0.3107144685326444,0.33000237198100685,0.3256318065090671,0.24106074325605312,0.4398728385970656,0.3199247869082265,0.3121531628898891,96.0,0.24405,107.0,99.0,0.7535
KWT,Kuwait,0.2872811209274497,0.3349922460666932,0.2463652320624194,0.2985205446562509,0.2923561338671555,0.27974217077579056,0.2985205446562509,0.29434119720309726,0.2890320420944925,0.3229245537590008,0.2586967153314027,0.282059182841987,0.2724846129901506,114.0,0.128188,108.0,111.0,0.4538
BRA,Brazil,0.28716466112172573,0.18103137291495652,0.4555207269841268,0.2898607856145413,0.2881709410384522,0.28601772180343504,0.2835428642653098,0.2898210675088113,0.289771412220964,0.17932048804818929,0.4682536404761904,0.2897075572023293,0.28962239527751715,108.0,0.159196,109.0,118.0,0.5892
LVA,Latvia,0.28224244036113877,0.22646110473275163,0.3517636957349442,0.2800061220211272,0.28128559284493415,0.2836617810537687,0.27971293839131844,0.28078134819799305,0.2818116658301763,0.22582366380766364,0.35168065940874976,0.28324781429150314,0.28538848655002913,111.0,0.076301,110.0,123.0,0.2817
DZA,Algeria,0.28059096413935936,0.2611596365810331,0.3014680606366457,0.3181510825485693,0.2968553908123932,0.2569512211921771,0.3181510825485693,0.31214265085352405,0.3039467036975117,0.28299644213658864,0.3264479157091095,0.29208626906786994,0.2733323497358039,107.0,0.191533,111.0,102.0,0.6394
OMN,Oman,0.27508110655038964,0.26483112827628075,0.28572779821428596,0.2800222264588148,0.2777698080462619,,0.2800222264588148,0.27749486999009865,0.2740888121588482,0.25371861301376547,0.2960944648809526,0.269247953868559,,123.0,0.117409,112.0,122.0,0.4101
VCT,Saint Vincent and the Grenadines,0.2732299105946764,0.19702049074726888,0.37891786666666666,0.298268821780941,0.28436153052921076,,0.298268821780941,0.2955874880884577,0.29197407511326856,0.21713549074726887,0.3926067555555555,0.28683883442026264,0.3283663307370419,109.0,0.122232,113.0,112.0,0.3996
SLB,Solomon Islands,0.2729914578500341,0.2413689233909059,0.3087569642857131,0.3112543457766687,0.2898483254338983,0.24749733980938024,0.3112543457766687,0.304113624894123,0.2943232955239613,0.2539983189953015,0.34105029761904637,0.2800424073362166,0.2571382339025666,116.0,0.155584,114.0,106.0,0.4693
UZB,Uzbekistan,0.27055417056177195,0.20250023595922093,0.36147888352638347,0.29608709332815614,0.2814770805823078,0.2550719637620812,0.29608709332815614,0.29241258732317377,0.28744018579707104,0.21739940796776794,0.380046391033891,0.2803306891360372,0.2693147741252449,115.0,0.177956,115.0,114.0,0.6312
MUS,Mauritius,0.26949203518902964,0.2631292912499909,0.27600863699102796,0.2858921271873443,0.2767977217522022,0.25840951788162353,0.27884389108833624,0.2825946865624683,0.2781372949717215,0.26402656446697004,0.2930021644237403,0.271774156290424,0.2619397789323911,120.0,0.108813,116.0,120.0,0.3723
TUN,Tunisia,0.26903579736430866,0.19933193401368815,0.36311422262365145,0.2885261322360879,0.2770303125843538,0.2585939589841284,0.2819474827087015,0.28777739190499385,0.2867760305587021,0.21911699937316528,0.3753268433680341,0.285368221564555,0.2832433885243995,110.0,0.152198,117.0,119.0,0.5729
SYC,Seychelles,0.2687349295737748,0.14497388038491632,0.4981480952380966,0.2635448796709783,0.2664414783379139,0.30957265184043714,0.3115724798672129,0.2654741930315163,0.2680250086322678,0.15025247012850607,0.47811130952381037,0.27155589953738196,0.2767677881463103,121.0,0.093489,118.0,135.0,0.3806
ZAF,South Africa,0.26428532367827645,0.20591617436945583,0.33919983471726695,0.2817681587371353,0.27167539809685165,0.25400553865004083,0.27529800389881637,0.27980168166011515,0.2771580092692837,0.21191583406025524,0.362486184398428,0.2734139271531534,0.2676996371871021,118.0,0.139454,119.0,121.0,0.4965
EST,Estonia,0.263988156601295,0.2117841179825102,0.3290603067388889,0.2648339343131111,0.2645439766446335,0.26283420964691073,0.2680878524504448,0.2642037976057034,0.2633612700138244,0.21022268941108163,0.32993183912544094,0.26217718277325575,0.26039095626069875,128.0,0.053062,120.0,131.0,0.2027
RUS,Russian Federation,0.26310199882139085,0.16200716590100797,0.4272814810309602,0.2753765812043537,0.26831417702978316,0.2558433536582387,0.26630900201176577,0.27391361848388973,0.27195075953400905,0.16817799330889419,0.4397556074728901,0.26917871186144254,0.26496626932833767,124.0,0.200624,121.0,126.0,0.7313
SRB,Serbia,0.2625352365855551,0.19484255795080474,0.3537458714047268,0.2760699569472508,0.268980282687504,0.251826806606596,0.2818575002800344,0.2717640070843767,0.2659142996722017,0.19243466610817025,0.36745154186725465,0.2575015527782269,0.24433993135130144,130.0,0.148168,122.0,125.0,0.54
MKD,North Macedonia,0.25992651379377996,0.17948052673524462,0.3764296539682539,0.26412642196287894,0.262098623021707,0.2560500977851995,0.26954422876966755,0.2621841880200811,0.2595719373754885,0.1772188694954256,0.3801942246031746,0.2558699861023679,0.25021438499967985,132.0,0.135099,123.0,133.0,0.545
CUB,Cuba,0.2596211156409915,0.22779448871784522,0.2958944444444445,0.29160771587011364,0.27564308194907516,0.276507965682501,0.29160771587011364,0.2859891124213382,0.2773478702394965,0.2325444887178452,0.3307833333333334,0.2623139765582158,0.2808438658060296,127.0,0.174477,124.0,117.0,0.6247
KAZ,Kazakhstan,0.2567546932164448,0.22150667621809267,0.2976116729942882,0.2725536812166826,0.2638077232542804,0.24601796996951983,0.2725536812166826,0.26917965195296245,0.2646140325074528,0.22381060250014395,0.31285643047143064,0.25808651232469987,0.24797326531308922,129.0,0.152623,125.0,127.0,0.5763
CPV,Cabo Verde,0.255451837717158,0.23621779667995543,0.2762520111111111,0.30701787617739507,0.27917795418384095,,0.2895318866990811,0.30161781804480536,0.2933313927396041,0.2579127489172606,0.3336140083333333,0.27897425623278127,,117.0,0.11432,126.0,107.0,0.4152
WSM,Samoa,0.25506320363856366,0.25124106163832655,0.2589434920634924,0.2969484406327899,0.27348677638116836,,0.2870588293383875,0.2914393470026872,0.2839276582115515,0.27436981729443505,0.2938184523809526,0.27306436248638466,,119.0,0.081666,127.0,113.0,0.2894
CRI,Costa Rica,0.25499399756879154,0.17087800024217167,0.38051673535482916,0.26742352820742904,0.2599496333183227,0.2487856964081885,0.25938649616535103,0.26638230551750275,0.26507502571952796,0.17667978160215156,0.39769558589579296,0.2633847034087355,0.2611139195109543,126.0,0.101359,128.0,130.0,0.3767
PLW,Palau,0.2537056477388317,0.1366993485461745,0.47086219780219596,0.26377596583423696,0.25932062309251647,,,0.2684183905158504,0.274486178135742,0.1716268485461745,0.43899111721611606,0.2827624152114133,,113.0,,129.0,134.0,0.2658
BHR,Bahrain,0.252824441121095,0.3226192499350037,0.19812890285087348,0.27213455992003927,0.26126907861898613,0.2406714183480096,0.27213455992003927,0.2665772747131771,0.25946333894558926,0.31550066019141393,0.2133790281641567,0.2500195985366969,0.2368429159731422,133.0,0.132379,130.0,129.0,0.4664
QAT,Qatar,0.24986221307941353,0.2151161781544854,0.2902205034532894,0.25504246403876446,0.2523569693422241,0.2459077088303571,0.25504246403876446,0.25229257457434523,0.24881247775852286,0.2055867825500898,0.3011266012359139,0.2442652237528482,0.2380671476648701,135.0,0.096457,131.0,137.0,0.3821
BIH,Bosnia and Herzegovina,0.24651645180639095,0.1732732869543408,0.35071973343026763,0.264596435768169,0.25481683219645784,0.23336992374519466,0.26960590652350963,0.26002111333742245,0.2537924088592576,0.1750638607351352,0.3679262328850115,0.2448061216009052,0.2306712221784853,134.0,0.147048,132.0,132.0,0.5638
GUY,Guyana,0.24499002218581276,0.2440156952104136,0.24596823953823935,0.29563947530408674,0.26677080295428757,0.2132979099411472,0.273084267733961,0.2899784105858259,0.28225375864569696,0.2628587588461243,0.3030798160173158,0.2710696814453093,0.2533695997800814,122.0,0.175207,133.0,115.0,0.5668
DJI,Djibouti,0.23743586498035288,0.20742244439010202,0.27179213968253935,0.29889807553320696,0.2656178792736075,,0.27645318832615173,0.2927142137052041,0.2831853420049451,0.23198786635375926,0.3456816047619045,0.26654796246728424,,125.0,0.201854,134.0,110.0,0.7021
ROU,Romania,0.23550029822419083,0.16309647512069358,0.34004653026769205,0.2366676117000338,0.2365264984383111,0.23289243278771002,0.2416942468323955,0.23446267722076938,0.2314900972363777,0.1584014361563899,0.33830289938533414,0.22726317447196615,0.2207710997842038,139.0,0.099962,135.0,139.0,0.4258
GRD,Grenada,0.23189997957260033,0.2176651692900728,0.2470657142857129,0.27800482302671153,0.2525909973399191,,,0.2732057342119215,0.2666726369786703,0.23908533168323523,0.29744315476190386,0.25724771381451234,,131.0,0.103538,136.0,124.0,0.3918
HUN,Hungary,0.23150069581999758,0.13400115815857036,0.39994111171579755,0.23466944259670267,0.23306201869449697,0.22898358485979867,0.23437658417350918,0.2326892526543911,0.23019006183179147,0.12925134238610755,0.40995678333333335,0.2269363782303792,0.22252414107669025,140.0,0.103109,137.0,140.0,0.4615
TTO,Trinidad and Tobago,0.23031349432899328,0.14007747429274348,0.37867834166666664,0.24001103249176878,0.23440565127354787,0.2246742806758251,0.238980325490631,0.23892068680487047,0.23745910469813356,0.14633012997039918,0.38533982314814813,0.2353976443235118,0.23227115140840815,137.0,0.144804,138.0,138.0,0.5743
JPN,Japan,0.23030819140944037,0.1132717002948977,0.4682710941232043,0.2124325923941513,0.22287306851484193,0.23426664911575953,0.2124325923941513,0.21478115166347816,0.217873186757826,0.10536977721797461,0.4504965917296542,0.22212973881355746,0.22252430032121712,143.0,0.033061,139.0,150.0,0.1977
ESP,Spain,0.23013258724140098,0.16594016030962758,0.3191572649538312,0.21953780412180138,0.2259891514004834,0.23518118395104584,0.2226782185642636,0.2202008983616027,0.22102696869398075,0.15762430812259895,0.3099326586864542,0.22208454422567717,0.22348686011134783,144.0,0.059401,140.0,146.0,0.3136
ARE,United Arab Emirates,0.228111166149343,0.20090037594283236,0.25900750000000006,0.22558935424260132,0.2281717074260501,,0.22558935424260132,0.22297853110843538,0.21944912117736456,0.1774921761565076,0.2713241666666667,0.21441036545805486,,149.0,0.095824,141.0,144.0,0.4006
BGR,Bulgaria,0.22317485949555987,0.1462385464190075,0.3405874793650792,0.23321107714568223,0.2279742017882156,0.21520495407291473,0.23884159627236132,0.23007356851741426,0.22582242470472513,0.14384331923197882,0.3545230169312168,0.21973269282557564,0.21026766154514837,146.0,0.117625,142.0,141.0,0.5067
CHL,Chile,0.22242156376854536,0.13279062274625894,0.3725515477382519,0.22634068029873958,0.22400283790891887,0.220413567664727,0.22290598710754392,0.22608186368210972,0.22575792565450675,0.13337207394212186,0.3821387753027165,0.22534074964672257,0.2247833106024,141.0,0.081367,143.0,143.0,0.3618
NZL,New Zealand,0.2191351619211372,0.10039895719293014,0.4782940035714283,0.21360705558679627,0.2166841227748147,0.22034091327498725,0.21006343867152538,0.21577084830926282,0.2186225941928614,0.10355582532479828,0.4615465961640209,0.22255365709810584,0.2283233840015699,142.0,0.03128,144.0,148.0,0.1665
GBR,United Kingdom,0.21821469178184172,0.12663167994719832,0.37603269363005637,0.21636998279085948,0.21737063237824578,0.21955230655888908,0.2098835414563451,0.2171028000947201,0.21807605924776852,0.1269653871223761,0.374567972381308,0.21943137001880972,0.22144878402302212,147.0,0.050299,145.0,147.0,0.246
POL,Poland,0.2141520047517501,0.11015863877553497,0.41631851708555107,0.2096124382388658,0.21235445817253099,0.21642908378715162,0.2095263928975079,0.20998748594144073,0.21048651002402194,0.10710304362721923,0.413663042633021,0.2111831627100347,0.21222385393115784,150.0,0.076048,146.0,152.0,0.3846
MNE,Montenegro,0.2128228442752201,0.13666195281919818,0.33142774642857126,0.22402412278057282,0.2175532543610729,0.20631419692830316,0.22402412278057282,0.22284897806450282,0.22127241040576517,0.14477127440039478,0.3381988575396824,0.2190461531780806,0.21566368179441295,148.0,0.096422,147.0,145.0,0.4637
MDV,Maldives,0.20902036359666065,0.20853362203451206,0.20950824126984022,0.25806509453954773,0.23221605687022104,,0.2376600770923518,0.2525535628125608,0.2440529977151208,0.22107548549784609,0.2694186809523802,0.22918581624474013,,138.0,0.126074,148.0,136.0,0.4911
HRV,Croatia,0.208429934381822,0.13877389557101222,0.3130490598945557,0.20421236064483897,0.20723120762601904,0.20883533047594852,0.2104126994593156,0.20277607413540052,0.20084504867501468,0.127948693522244,0.3152727274253573,0.19810999431369938,0.19393510319571206,155.0,0.085343,149.0,155.0,0.4245
IRL,Ireland,0.20755169701987894,0.11148239992984886,0.38640814122174083,0.1965263523638423,0.20330723528623493,0.21260813986731755,0.20051406063173643,0.19681176040961454,0.19716793949105801,0.10406079682706927,0.37358157489177457,0.19762494076645312,0.19823263693449558,157.0,0.031994,150.0,159.0,0.1817
SUR,Suriname,0.20488020244489585,0.24295878688221836,0.1727696202821864,0.27230293051475374,0.23421759258219066,0.16001148721032826,0.2461490755840496,0.2652147838406189,0.25545816820351913,0.2681511380278049,0.24336602179600192,0.24113661582156543,0.2178964322145887,136.0,0.150205,151.0,128.0,0.5417
CYP,Cyprus,0.20436744716453842,0.12266826626605762,0.3404796915443737,0.20652536264397536,0.20543235079833821,0.20260972437731087,0.21462949712625143,0.2058697427291206,0.20499232110705837,0.1247644919358127,0.33680938431166946,0.20375758329683427,0.20189131806030416,152.0,0.074132,152.0,153.0,0.3622
GRC,Greece,0.2040009365145155,0.11060135698503124,0.3762737025408444,0.20041843108491417,0.20289330072373196,0.204753631864265,0.210443132806017,0.19976158765218371,0.19888242191061334,0.10670327180224017,0.3706935792778643,0.1976450199884262,0.19577425315402605,156.0,0.086849,153.0,157.0,0.4403
SVK,Slovakia,0.20200843849750197,0.10913610965968053,0.37391299132293526,0.20219701468380108,0.2022299628886771,0.20143413510333796,0.2043644994601739,0.20183321940079887,0.20134713654753247,0.11021111863763065,0.3678455485892185,0.20066464241358076,0.1996365264514226,153.0,0.073437,154.0,156.0,0.3878
BHS,Bahamas,0.20033720245812614,0.19116744707910308,0.20994680476190478,0.212820034131635,0.20563832015643033,0.17020519317759242,0.1854766757275195,0.2111511579719001,0.20913092792548674,0.1945777391018951,0.2247726035714286,0.20663493671956432,0.2034718952232774,151.0,0.103775,155.0,149.0,0.4498
SGP,Singapore,0.19614180921758764,0.09373879477036205,0.4104128863337205,0.18904835985488763,0.19345975560191997,0.17301063909810505,0.16643487785822086,0.1887563643216023,0.1883907334690786,0.08604450295107025,0.41247339736740224,0.1879195913397511,0.187289558204245,160.0,0.034789,156.0,161.0,0.2138
KOR,South Korea,0.19442625328163313,0.09831162817477081,0.38450759759499714,0.1973461697139448,0.1955714336816788,0.19301560367871018,0.18826271536188757,0.19724375700896601,0.19711566630235325,0.09818450147793821,0.3957303374458871,0.1969508558419089,0.19673089378703756,158.0,0.052589,157.0,158.0,0.2765
URY,Uruguay,0.1935479846447343,0.14705250224179497,0.254744542180196,0.20449226891328712,0.19794747126783108,0.18796611125507312,0.19861028944286388,0.2033926232303883,0.20200964855318634,0.15172162312091583,0.26896560469867675,0.2002175021165239,0.19780271707110453,154.0,0.063605,158.0,154.0,0.3099
JAM,Jamaica,0.19197491733037708,0.15954964928617166,0.23098997113996989,0.22949177618684222,0.2072986155454507,0.17182188136616333,0.21059461156168108,0.22756295773386856,0.22496547644660095,0.18159189853202384,0.2786989177489168,0.22127778423784378,0.21562802717586396,145.0,0.110929,159.0,142.0,0.5155
USA,United States,0.1868938362036913,0.09880585448941884,0.35351453809523786,0.1919085424473892,0.18904613856144417,0.18384795890775957,0.18431104940584964,0.1912096326608655,0.1902737595317129,0.10099804008160443,0.35846342698412675,0.18895575007914608,0.18696131517090267,159.0,0.05839,160.0,160.0,0.3076
LTU,Lithuania,0.17897814810706403,0.09743830903299065,0.3287534217059161,0.17822159435440774,0.1788920536493172,0.17868158228509048,0.18152451728506708,0.17789398866521364,0.17745624028252327,0.09529799875503331,0.3304446853722141,0.17684157212599613,0.17591554296642403,164.0,0.040334,161.0,165.0,0.2252
CZE,Czechia,0.17823264397709682,0.08890676553703789,0.3573054894886791,0.17437167041416354,0.1768717187906345,0.1796103302222151,0.18029170355129837,0.174223053228235,0.17402469955064434,0.08677956629836807,0.3489830307467387,0.17374662397360452,0.17332867412815675,166.0,0.042363,162.0,168.0,0.2624
AUS,Australia,0.17708166034226552,0.08413250985145172,0.37272053912263514,0.16893674217192461,0.17304861516113126,0.18308897313993658,0.16893674217192461,0.17079223142330055,0.17353827100348967,0.08502735112129299,0.35418640126657946,0.17802089807125995,0.18473747999445864,163.0,0.031832,163.0,169.0,0.2059
MLT,Malta,0.1767908700388223,0.08812228932771453,0.3546777094368341,0.1769885212731963,0.17686087492897043,0.17676711506034848,0.1769885212731963,0.17736440580720247,0.17786434951155278,0.08989670935213456,0.35191195601217656,0.17856191911749802,0.17960319361458493,162.0,0.060315,164.0,166.0,0.3546
CAN,Canada,0.17648962115682493,0.0929946678621234,0.3349502406123046,0.17673670311759912,0.17667004188581426,0.17610960746174628,0.16913919351401155,0.17661657314773346,0.17645627263586416,0.0927229645654201,0.3358047954837988,0.1762316069593467,0.17589407039428734,165.0,0.034944,165.0,167.0,0.2078
PRT,Portugal,0.17471101126614777,0.0910287394321773,0.3353219834531758,0.16561530383851647,0.17115562653982153,0.17904719615267475,0.16667084160383808,0.1663287616075912,0.167216303117858,0.08572753387303057,0.32616466105062947,0.1683505526373974,0.1698511033224947,167.0,0.047351,166.0,171.0,0.2856
SVN,Slovenia,0.17059485819497217,0.09572507885455257,0.3040227910052912,0.16885536399212098,0.17031961023342115,0.17000499296310273,0.178698395901962,0.16742453195702794,0.1654975140916649,0.0928989821081617,0.29483021825396843,0.1627613644198406,0.15856864007028357,170.0,0.049911,167.0,170.0,0.3043
AUT,Austria,0.17000408668677333,0.09819213547639934,0.2943350742906538,0.159634387208661,0.16596745055713613,0.17488834253742297,0.16213395358795907,0.16012367744002234,0.16073319569617792,0.09109705790690999,0.2836003795545866,0.1615134821825129,0.16254803771216172,172.0,0.022154,168.0,172.0,0.1645
LCA,Saint Lucia,0.16722950673629866,0.20785452039157584,0.13454462222222222,0.21052798392784966,0.18676611918964875,,0.20103188186621132,0.20443205514478113,0.196009462465576,0.22203094573094237,0.17303763333333333,0.18356974495678566,,161.0,0.091409,169.0,151.0,0.3993
FRA,France,0.1642618527034974,0.09616892059907892,0.2805683591487031,0.15790740597307992,0.161850299602668,0.1670661966359236,0.1594112316678845,0.1577757320780617,0.15761098501467105,0.09059618842928793,0.27419721544559145,0.15739891398327596,0.1571157073333997,173.0,0.044362,170.0,173.0,0.3043
LUX,Luxembourg,0.16242386839366904,0.10820669832506576,0.24380665367601115,0.1485180922075175,0.15674768991696536,0.16986447932212181,0.1528209007180999,0.14943180057991168,0.15064145768461704,0.09737659682933926,0.23304212215505338,0.1523188393523754,0.15480083621905105,175.0,0.019274,171.0,176.0,0.1476
BLR,Belarus,0.16223440679793155,0.15754071599752642,0.16706793911924325,0.1882159529115102,0.1741096180575593,0.14310776454364632,0.172730138933251,0.18272613686204153,0.1751389048023763,0.16084683245051787,0.19070090164698839,0.16392787685859364,0.1455005775430182,169.0,0.148711,172.0,162.0,0.7461
DEU,Germany,0.16036773100055127,0.08812762851344488,0.2918245909946576,0.15328504053200864,0.1576367799802476,0.16362287537606202,0.15942138502535677,0.15339012308948732,0.15352137513891595,0.0832382005884287,0.28314899238487573,0.15368996307038188,0.1539144597299123,174.0,0.023735,173.0,174.0,0.1748
CHE,Switzerland,0.1598689785508146,0.06931532387898011,0.36872207864892226,0.14746412568605624,0.15469897432824348,0.182446765874648,0.14841041284845943,0.14830721533980334,0.14956293911958107,0.0661404862003189,0.33820544787558066,0.15163270475666535,0.1676878201863905,176.0,0.020532,174.0,177.0,0.1473
ATG,Antigua and Barbuda,0.15656467702378557,0.13926425342174614,0.1760142857142884,0.1815240293781732,0.1677391280853232,,,0.17716019852653453,0.1711687847583747,0.15913814231063503,0.18410892857143024,0.1624099029703409,,171.0,0.070873,175.0,164.0,0.3796
ITA,Italy,0.1500911917244376,0.10116122812050517,0.2226877456096803,0.15007590202585097,0.15037876185465524,0.14912422896058405,0.15253208456645082,0.14935837244669734,0.1483962695667619,0.09767583309069837,0.22545446631494523,0.1470387499378911,0.14497863886189427,177.0,0.054212,176.0,175.0,0.3762
NLD,Netherlands,0.14628770952426817,0.08258703512264272,0.25912171233750275,0.1433664397310437,0.14516919533361647,0.1476378213899208,0.1402922692335933,0.14359651470043122,0.14390270911760503,0.08148956295428818,0.25411830596026463,0.1443302900003007,0.1449692967212305,178.0,0.021441,177.0,178.0,0.1586
BEL,Belgium,0.14521242035360035,0.06793183053646641,0.31040893287324595,0.13674948972003348,0.14176194159604477,0.14977500356148285,0.14274956761536195,0.1380505071885543,0.13976635979419538,0.06727247838534955,0.2903807886818495,0.1421337582816455,0.14561270587755165,179.0,0.029095,178.0,179.0,0.2434
NOR,Norway,0.1414229840653322,0.07120076940713989,0.28090230749581757,0.12829107755840521,0.13557794093511702,0.15147290718382175,0.13391583441647342,0.12982519620329247,0.1320929712415212,0.06803245654353289,0.2564739528440854,0.135788458720651,0.14154236171988535,180.0,0.012675,179.0,180.0,0.1101
ISL,Iceland,0.1326526649978228,0.0841279915809295,0.20916616693620801,0.12510108797353653,0.12961924839073327,0.13657481990912168,0.13194524351546827,0.126026957959882,0.1272509725957631,0.08245589576824545,0.1963814700658877,0.12894507465619517,0.1314452952957157,181.0,0.019643,180.0,181.0,0.1744
SWE,Sweden,0.13003232857602814,0.0750102534071511,0.22541460276272288,0.12499196210768429,0.12807522796505108,0.13242119925395673,0.1305069754164367,0.12527977745832958,0.12566250582936414,0.07317104167117465,0.215810312531546,0.12619637552300753,0.1269929719743867,182.0,0.017295,181.0,182.0,0.1547
BRB,Barbados,0.12438219435190302,0.14468826684847627,0.10692594920634715,0.1878301201511303,0.15409977903421168,,0.13801599522120492,0.18340666667420602,0.17656381961595696,0.15891761181723305,0.19616946190476037,0.16452784189542005,,168.0,0.070708,182.0,163.0,0.3544
FIN,Finland,0.12219183808283533,0.06748615534682904,0.22124308633864706,0.11597692903438753,0.11974347338296536,0.12525707400615102,0.11484270246366715,0.11652561949764315,0.11725321278068411,0.06588808237405021,0.2086616488448161,0.11826432335539064,0.11976498480642171,183.0,0.010177,183.0,183.0,0.0957
DNK,Denmark,0.10891370788650379,0.07513306837916207,0.15788248798416732,0.1062591775082942,0.10794272230900474,0.10997061873817812,0.1100699975105664,0.10622255428724871,0.10617370367499324,0.07387746326532166,0.15258855480162092,0.1061052750334598,0.10600254924631512,184.0,0.009411,184.0,184.0,0.0991
AND,Andorra,,,,,,,,,,,,,,,,,,0.218
DMA,Dominica,,0.1820998431934444,,,,,,,,0.20714984319344443,,,,,,,,0.4205
FSM,"Micronesia, Federated States of",,0.32628123312438223,,,,,,,,0.3545652331243822,,,,,,,,0.3046
KNA,Saint Kitts and Nevis,,0.0889075,,,,,,,,0.1111375,,,,,,,,0.3819
LIE,Liechtenstein,,0.03045625,,,,,,,,0.045793749999999994,,,,,,,,0.1545
MCO,Monaco,,,,,,,,,,,,,,,,,,0.2309
MHL,Marshall Islands,,0.28168591112884445,,,,,,,,0.3058324495903829,,,,,,,,0.3329
NRU,Nauru,,0.2523974391538032,,,,,,,,0.29977366992303395,,,,,,,,0.4496
SMR,San Marino,,,,,,,,,,,,,,,,,,0.2684
TUV,Tuvalu,,0.2860040564416958,,,,,,,,0.3041981910570804,,,,,,,,0.2557
VAT,Holy See (Vatican City State),,,,,,,,,,,,,,,,,,
